number,value,datetime_start,datetime_complete,duration,params_batch_size,params_dropout_rate,params_hidden_units,params_lr,params_n_layers,user_attrs_val_f1_epoch_1,user_attrs_val_f1_epoch_10,user_attrs_val_f1_epoch_100,user_attrs_val_f1_epoch_11,user_attrs_val_f1_epoch_12,user_attrs_val_f1_epoch_13,user_attrs_val_f1_epoch_14,user_attrs_val_f1_epoch_15,user_attrs_val_f1_epoch_16,user_attrs_val_f1_epoch_17,user_attrs_val_f1_epoch_18,user_attrs_val_f1_epoch_19,user_attrs_val_f1_epoch_2,user_attrs_val_f1_epoch_20,user_attrs_val_f1_epoch_21,user_attrs_val_f1_epoch_22,user_attrs_val_f1_epoch_23,user_attrs_val_f1_epoch_24,user_attrs_val_f1_epoch_25,user_attrs_val_f1_epoch_26,user_attrs_val_f1_epoch_27,user_attrs_val_f1_epoch_28,user_attrs_val_f1_epoch_29,user_attrs_val_f1_epoch_3,user_attrs_val_f1_epoch_30,user_attrs_val_f1_epoch_31,user_attrs_val_f1_epoch_32,user_attrs_val_f1_epoch_33,user_attrs_val_f1_epoch_34,user_attrs_val_f1_epoch_35,user_attrs_val_f1_epoch_36,user_attrs_val_f1_epoch_37,user_attrs_val_f1_epoch_38,user_attrs_val_f1_epoch_39,user_attrs_val_f1_epoch_4,user_attrs_val_f1_epoch_40,user_attrs_val_f1_epoch_41,user_attrs_val_f1_epoch_42,user_attrs_val_f1_epoch_43,user_attrs_val_f1_epoch_44,user_attrs_val_f1_epoch_45,user_attrs_val_f1_epoch_46,user_attrs_val_f1_epoch_47,user_attrs_val_f1_epoch_48,user_attrs_val_f1_epoch_49,user_attrs_val_f1_epoch_5,user_attrs_val_f1_epoch_50,user_attrs_val_f1_epoch_51,user_attrs_val_f1_epoch_52,user_attrs_val_f1_epoch_53,user_attrs_val_f1_epoch_54,user_attrs_val_f1_epoch_55,user_attrs_val_f1_epoch_56,user_attrs_val_f1_epoch_57,user_attrs_val_f1_epoch_58,user_attrs_val_f1_epoch_59,user_attrs_val_f1_epoch_6,user_attrs_val_f1_epoch_60,user_attrs_val_f1_epoch_61,user_attrs_val_f1_epoch_62,user_attrs_val_f1_epoch_63,user_attrs_val_f1_epoch_64,user_attrs_val_f1_epoch_65,user_attrs_val_f1_epoch_66,user_attrs_val_f1_epoch_67,user_attrs_val_f1_epoch_68,user_attrs_val_f1_epoch_69,user_attrs_val_f1_epoch_7,user_attrs_val_f1_epoch_70,user_attrs_val_f1_epoch_71,user_attrs_val_f1_epoch_72,user_attrs_val_f1_epoch_73,user_attrs_val_f1_epoch_74,user_attrs_val_f1_epoch_75,user_attrs_val_f1_epoch_76,user_attrs_val_f1_epoch_77,user_attrs_val_f1_epoch_78,user_attrs_val_f1_epoch_79,user_attrs_val_f1_epoch_8,user_attrs_val_f1_epoch_80,user_attrs_val_f1_epoch_81,user_attrs_val_f1_epoch_82,user_attrs_val_f1_epoch_83,user_attrs_val_f1_epoch_84,user_attrs_val_f1_epoch_85,user_attrs_val_f1_epoch_86,user_attrs_val_f1_epoch_87,user_attrs_val_f1_epoch_88,user_attrs_val_f1_epoch_89,user_attrs_val_f1_epoch_9,user_attrs_val_f1_epoch_90,user_attrs_val_f1_epoch_91,user_attrs_val_f1_epoch_92,user_attrs_val_f1_epoch_93,user_attrs_val_f1_epoch_94,user_attrs_val_f1_epoch_95,user_attrs_val_f1_epoch_96,user_attrs_val_f1_epoch_97,user_attrs_val_f1_epoch_98,user_attrs_val_f1_epoch_99,state
0,0.5273468036494083,2026-07-31 11:54:24.952422,2026-07-31 12:01:24.484963,0 days 00:06:59.532541,256,0.023233444867279785,375,0.005399484409787433,3,0.7434655576320708,0.7498990877532897,0.7407309146381906,0.7501799280287885,0.7516949042686958,0.752697487595495,0.7534677701363796,0.7507397714270684,0.752955220781917,0.7528814882268765,0.7483582169566033,0.7508708724618869,0.7481127393359978,0.7539496241593037,0.7531015749471099,0.7512618695646384,0.7500133198358996,0.7533584374633536,0.7536330105438763,0.7514809148326861,0.7527412925570149,0.749465811965812,0.7526719738192018,0.750711223566737,0.7520763848015173,0.7510731874325143,0.7508177183341058,0.7509768442031836,0.7520212129877557,0.7458662539708398,0.7504993146661445,0.7518681888946549,0.7490638686372838,0.7503778172021814,0.7515622017181037,0.7490106063004591,0.7521586267514606,0.7492193702037576,0.7523456026394474,0.746746506986028,0.7486809292558079,0.7475909108934449,0.7502027150741545,0.7484141532699434,0.7485467399842891,0.7542778741360118,0.7462140570783011,0.7460427621920295,0.7503315218804442,0.7471864792308608,0.7475494729054929,0.7486077339399169,0.7469767811494192,0.748419227409619,0.7474005469751219,0.7472986182663602,0.7489311475409836,0.7454124164380643,0.7457845756933567,0.7457801727553689,0.7482303523737911,0.7448961856758961,0.745424602225941,0.7455220998521793,0.7460216591203961,0.7472942524843386,0.7469062242185351,0.7514440291680824,0.7443863426637958,0.7465397695816087,0.7461628030062454,0.7480534361084347,0.7480001565945896,0.7445614494080711,0.7433979463256387,0.7452249243294019,0.744267984158311,0.7416702378401543,0.752359224307788,0.7455132478464896,0.7423337637185281,0.7428700289178362,0.7444116406579502,0.7438872500819403,0.7444880185721968,0.7444341740393503,0.7439399921042242,0.7448585778482686,0.7418116344957237,0.7505855265769521,0.7438260617327901,0.7415452186065082,0.7429021254263972,0.7396131949771874,0.7416052579167497,0.7424754482923144,0.7394771643445853,0.7416961412653246,0.7439512163136843,0.7424022006506732,COMPLETE
1,0.5272941724798933,2026-07-31 12:01:24.493035,2026-07-31 12:12:05.835282,0 days 00:10:41.342247,1024,0.07272998688284026,419,0.00023270677083837802,9,0.7350355112668184,0.7498370035260462,0.7439247900212286,0.7476784795733276,0.7475589046911484,0.7520216696690378,0.7476483062367463,0.7504150672741038,0.7524122546496126,0.7514880558715378,0.7511942095722017,0.7473383747514238,0.7447117240644844,0.7535789874981924,0.7542399415540364,0.7521072083809727,0.7534278530883077,0.7498736601324574,0.7520134758119703,0.7524994095882862,0.7518069093561435,0.7511740826235772,0.7544272855742422,0.7457939432783208,0.7545624222314392,0.7538068070037379,0.750947268708557,0.7535497874649544,0.7523515061380507,0.750149503647889,0.7539323811245706,0.75078031212485,0.7514263502562819,0.7505160130501365,0.7485027575586064,0.750753848595461,0.752993718740614,0.7542513827469283,0.7531468348467799,0.7524618173755396,0.7520215986684317,0.749437768640132,0.7528605311856543,0.747508756686307,0.7488561328620023,0.749166288717552,0.7509221459419015,0.7515389210669853,0.7511934113203588,0.7512993592020948,0.7498349486360155,0.7513361316057043,0.7518670894368596,0.7532972088743483,0.7505446765208542,0.7486606906062696,0.7490128823834403,0.7498293336134012,0.7512124088255562,0.7501659313629797,0.7489208917987776,0.7516896249290616,0.7495611082511648,0.7483579963598955,0.7478233254823087,0.7481021761713236,0.747048725736168,0.7493444434091605,0.7494207736108384,0.7503059656797646,0.7466183832143999,0.7482207812747114,0.7503051393253175,0.7473864587346076,0.7460338621517131,0.7495170804433785,0.7476377590579948,0.7467112242732866,0.7463679896112329,0.7482686800312419,0.7493334363769852,0.747545656075161,0.7471633148133657,0.747912581646301,0.7454724797790491,0.747647629282101,0.7458019536686568,0.7464317456997961,0.7457129372279616,0.7491366617588007,0.7459742033782542,0.7465040479444853,0.7462271024146545,0.7471112492875278,0.7431647504485944,0.7459073424966852,0.7439319113165913,0.742708180935534,0.7461820483739087,0.7438217706514262,COMPLETE
2,0.5255138736458359,2026-07-31 12:12:05.843766,2026-07-31 12:25:47.151299,0 days 00:13:41.307533,256,0.11685785941408727,363,0.0005404103854647331,7,0.738504512247529,0.7490899248934298,0.7474305014974998,0.7476774735245524,0.7490178381822042,0.754583534508632,0.7543352226300567,0.7482651545835021,0.7521831891125452,0.7539701044014404,0.7531359825201058,0.7505096019740372,0.745576815307021,0.7549350529951798,0.753174219983558,0.7536763742168864,0.7518601535870127,0.751160680932814,0.754880694143167,0.7510028920608266,0.7521285525842427,0.7489235700800022,0.7542861606154888,0.74767194579101,0.7547160019720284,0.753539817223842,0.7492577815392469,0.7539965168568532,0.7512942363341917,0.7501634444755767,0.7520507722490685,0.7526183023627455,0.7525784101126567,0.7529027241456567,0.7520968769917145,0.7536319058515855,0.7519777010883992,0.7523913274524392,0.7548347011157999,0.7488028919432942,0.7527336403138984,0.7495044200375034,0.7546418062029635,0.7477611940298508,0.7518729673860091,0.7523290102032828,0.7500901261766473,0.750738994966845,0.7520037966673697,0.751219512195122,0.7518196202531645,0.7508009731325029,0.7519886587382847,0.7519239060846388,0.7503578054598463,0.7489801613138977,0.7453764595356328,0.7520436678941732,0.7476542412126597,0.7507324348798807,0.75026457826225,0.7494788277940806,0.7501967532380914,0.7510920498768962,0.7498745410844933,0.7479661721147789,0.748721888161903,0.7478751236969459,0.7512585752667136,0.751129790906336,0.7497019946491483,0.7520102506439339,0.7507131390057183,0.749117639253775,0.7482702998146988,0.7512626593044252,0.7507194953676326,0.747331247566232,0.7522706571242681,0.7499243311531932,0.7498819083608881,0.7485058697972252,0.7491975430949078,0.750296505793267,0.7482924226254002,0.7493403693931399,0.7517682634031121,0.7500650736633869,0.7495503538091924,0.7481562377812833,0.7485733911021875,0.7490456628845418,0.750548396842285,0.7483681332503608,0.7479890626244392,0.7473998804542737,0.7473906167633105,0.7459521612985173,0.7489365064731526,0.7483348120290796,COMPLETE
3,0.5247248536739683,2026-07-31 12:25:47.158196,2026-07-31 12:38:55.511248,0 days 00:13:08.353052,256,0.24301794076057537,291,0.00021930485556643703,7,0.7204819598990129,0.74755698130501,0.753248466459996,0.7467457705175613,0.7463419901733168,0.7511506597115679,0.750446127612325,0.7487863257109629,0.7530495427330746,0.7544366703720656,0.7531243004069162,0.748950869664953,0.7304232475231107,0.7533682188514275,0.7511140583554377,0.7538768657209715,0.7516419815459888,0.7497770210005675,0.7547041871503645,0.7524144103228564,0.7517036841758387,0.7505652050306633,0.7547788520345092,0.736192609490305,0.754404880870983,0.7543373478152375,0.7526526699772343,0.7546708300806662,0.7522491164185499,0.7498649816375027,0.7543612242766113,0.7538999142875981,0.7522972486363212,0.7535812818336163,0.747673525698593,0.7519906571822911,0.7530190108006855,0.7525770442770924,0.7545341125484274,0.7502290981618241,0.7542239891196317,0.752444480162876,0.7536731554659736,0.7476418000355954,0.7529324148203315,0.7449097561307346,0.7503039472617729,0.7534838128543422,0.7541170391764597,0.7536054656866003,0.7548132867872633,0.7523430616004914,0.754231139604522,0.7549809965938532,0.7522832578943139,0.7516297786720322,0.7433503227998641,0.7542697620521194,0.7521294032297069,0.752603298622685,0.7535318495372516,0.751760870440184,0.7519946362722092,0.7542350519816349,0.7537580529706513,0.7501016508091405,0.7520100603352553,0.7441720477180694,0.7559901431342736,0.7541533504133541,0.7511957865319503,0.7547417470630702,0.7551326990485728,0.7521873738053574,0.7528750931743158,0.7554142451330432,0.7541441928549764,0.7521489201676158,0.7485707400018744,0.7541512854099683,0.754081067538701,0.7535369967863668,0.7502963681431188,0.7543168736746441,0.7524826183481116,0.753170368201839,0.7549567802965517,0.754254954218012,0.7538327801485696,0.7481418759996237,0.7544970063819988,0.753299276287782,0.7543504547605279,0.7535160118851106,0.7512669883988224,0.7527164083120085,0.7541996473224348,0.7518448693778615,0.754332043876848,0.7545805775653199,COMPLETE
4,0.5252722930850142,2026-07-31 12:38:55.518443,2026-07-31 12:44:34.753085,0 days 00:05:39.234642,512,0.2736932106048628,331,0.0007591104805282694,4,0.7317620343898336,0.7505356186395287,0.7530699377420591,0.7495696611081226,0.750133790003211,0.7532440047089324,0.7526418683292825,0.753335255418971,0.7539024102543939,0.753920133807234,0.7523580543739596,0.7484185307814477,0.7483599902050495,0.7553888433035074,0.7534824987174934,0.7524571730934586,0.753464499572284,0.7525609772342778,0.7544770444951362,0.7527473261139522,0.7531895243749588,0.7520167989048815,0.7552218642834875,0.7488119484046164,0.7538807323773347,0.7530793810742367,0.7533506754169362,0.7554312644035319,0.7532696972893155,0.7527113524159315,0.754325259515571,0.7530698287220027,0.7533538915684879,0.7525425508182093,0.7504027874199337,0.7536471235893201,0.7539918453242141,0.7538793330177266,0.75395898660439,0.7516293887303378,0.7534113571953396,0.7523582709117761,0.7535864310057858,0.7497237420154704,0.7538137267817152,0.7518130855776393,0.7514207759366474,0.7543470314866064,0.7540068952812065,0.7526022948113835,0.7524850363403164,0.7537164791389113,0.7544187269857969,0.7554264228337036,0.752489425741524,0.7518131399317406,0.7497031270616177,0.7530311017395889,0.7516731994773751,0.7524818001323627,0.7523347129364322,0.7535548146488673,0.7535918593309255,0.7533457273578313,0.7533906802469788,0.7520841656678652,0.7526326930200561,0.7524404785303406,0.7548605572480159,0.7531335722066911,0.752420985420879,0.7543406081444638,0.7538168947118179,0.7534270299074136,0.752669652084051,0.7546291453080867,0.7532092850903893,0.7533929426792272,0.7509057613006074,0.7528672138047138,0.7540833060019678,0.7531340788792932,0.7523955080071766,0.7547530258423291,0.7531378532572641,0.7543638275499475,0.7534592518545798,0.7545091884114838,0.753911620294599,0.751907538911149,0.7546719160104987,0.7527205892075581,0.7540252207802433,0.7527259750730231,0.7530083676451056,0.7527510316368639,0.7530856014105607,0.7521780315664484,0.7542628146363184,0.7542663905418513,COMPLETE
5,0.5292403997314884,2026-07-31 12:44:34.758620,2026-07-31 12:46:34.679093,0 days 00:01:59.920473,1024,0.12468443043576438,765,0.001096821720752952,4,0.7379598232981641,0.7522586406135098,,0.7504566455356183,0.7495123472353074,0.7546296296296297,0.7525698945852157,0.753427161396454,0.7544594506426567,0.7526562950914291,,,0.7495261998668238,,,,,,,,,,,0.7515214922745194,,,,,,,,,,,0.7499083433719164,,,,,,,,,,,0.7526662099098983,,,,,,,,,,,0.7509395285275026,,,,,,,,,,,0.7535907335907336,,,,,,,,,,,0.7523876808750033,,,,,,,,,,,0.7503136431467322,,,,,,,,,,,PRUNED
6,0.5297703411576236,2026-07-31 12:46:34.684839,2026-07-31 12:52:33.884934,0 days 00:05:59.200095,512,0.23915999152443407,944,0.0069782812651260325,10,0.739533130502679,0.7494122415889745,,0.752910169119262,0.7533711183441619,0.7531663825881736,,,,,,,0.7481323646445717,,,,,,,,,,,0.7494746185273655,,,,,,,,,,,0.7513268210137681,,,,,,,,,,,0.7503288118930266,,,,,,,,,,,0.7508558588328597,,,,,,,,,,,0.747441835415769,,,,,,,,,,,0.7530321446119631,,,,,,,,,,,0.7451831824450725,,,,,,,,,,,PRUNED
7,0.5292298858594665,2026-07-31 12:52:33.888785,2026-07-31 12:53:47.238738,0 days 00:01:13.349953,1024,0.3314950036607718,464,0.0005170191786366995,5,0.7235596611125283,0.7496839948374736,,0.7488503428801936,0.7484427148783224,0.7537016356828483,0.749446152606775,0.7539761431411531,0.7537091988130564,0.7512250682065001,,,0.7391020603865056,,,,,,,,,,,0.74381731552044,,,,,,,,,,,0.7444034374073975,,,,,,,,,,,0.7472894527725026,,,,,,,,,,,0.7490873368822101,,,,,,,,,,,0.7501887592227094,,,,,,,,,,,0.7469584079977365,,,,,,,,,,,0.7501665733855708,,,,,,,,,,,PRUNED
8,0.5377832847897392,2026-07-31 12:53:47.242899,2026-07-31 12:54:37.192620,0 days 00:00:49.949721,1024,0.308897907718663,1014,0.00024970737145052745,2,0.7210465563678338,0.7491951775822744,,0.746969676809878,,,,,,,,,0.7397632548537981,,,,,,,,,,,0.7376396282836952,,,,,,,,,,,0.742214919487348,,,,,,,,,,,0.7477749420254182,,,,,,,,,,,0.7491881566380134,,,,,,,,,,,0.7481966199505359,,,,,,,,,,,0.7461765705471752,,,,,,,,,,,0.7491081736693951,,,,,,,,,,,PRUNED
9,0.5352020093234491,2026-07-31 12:54:37.197443,2026-07-31 12:56:13.080744,0 days 00:01:35.883301,256,0.14338629141770906,312,0.0001705053926026929,8,0.7237861642232009,0.744578875811967,,0.7451210364814184,,,,,,,,,0.7371684464347227,,,,,,,,,,,0.7364529270606619,,,,,,,,,,,0.7468524823818197,,,,,,,,,,,0.7465554257140528,,,,,,,,,,,0.7419098724196462,,,,,,,,,,,0.7418029373386268,,,,,,,,,,,0.7491604789618035,,,,,,,,,,,0.7445153706310912,,,,,,,,,,,PRUNED
10,0.5295653070547129,2026-07-31 12:56:13.083905,2026-07-31 13:00:08.274467,0 days 00:03:55.190562,128,0.372916136764715,603,0.0026936379642822964,6,0.7338157206922167,0.7511073865677003,,0.7500795334040297,0.7509119673652969,0.7513060673676897,,,,,,,0.7434374916037507,,,,,,,,,,,0.7452084489914611,,,,,,,,,,,0.7527796111082906,,,,,,,,,,,0.7525505205543872,,,,,,,,,,,0.7495357871864095,,,,,,,,,,,0.7522231362870686,,,,,,,,,,,0.7517870542237668,,,,,,,,,,,0.7455203002388263,,,,,,,,,,,PRUNED
11,0.5414160777948912,2026-07-31 13:00:08.278227,2026-07-31 13:00:56.935890,0 days 00:00:48.657663,512,0.2282191459526733,261,0.0001062560004971346,6,0.690607355304914,0.7387059591428611,,0.7380677470960562,,,,,,,,,0.7157083803081549,,,,,,,,,,,0.7203068317133283,,,,,,,,,,,0.7286189890729254,,,,,,,,,,,0.7258125979139909,,,,,,,,,,,0.7293681133348324,,,,,,,,,,,0.7298729562059268,,,,,,,,,,,0.7335326831176816,,,,,,,,,,,0.735599134622095,,,,,,,,,,,PRUNED
12,0.5249530669805547,2026-07-31 13:00:56.938949,2026-07-31 13:08:29.737730,0 days 00:07:32.798781,512,0.22902636057861356,522,0.0010124892133403266,4,0.7373540856031129,0.7507239382239382,0.7492722608429812,0.7508129591713838,0.7498370902320634,0.7541752969245694,0.7524094558782812,0.7533122533775838,0.755427633721006,0.7543461829176115,0.7544182621502209,0.7505407931633061,0.748902298112723,0.7557196339434277,0.7533440624752659,0.7534734122485566,0.7533579141427442,0.7536668118869394,0.7562403457988811,0.7517916004964434,0.7530309833857207,0.7526080674452207,0.7551908426870859,0.7499149548606568,0.7550255358612312,0.7546257359125316,0.7529526908172307,0.755207861899528,0.7533491973758595,0.7533805197549123,0.7541555240941744,0.7534571941306872,0.7538595289530534,0.7540098542824195,0.7513072147953532,0.7527945082980458,0.7531380753138075,0.7545433089450082,0.7541280312668039,0.7522196820670956,0.7527673343201855,0.7523290793676036,0.7546068474505288,0.7501447402081566,0.7525687747503585,0.7524011541349916,0.7519430309954962,0.7541971137476755,0.7547253782920572,0.7527574504189204,0.7519963738651665,0.7535001450154244,0.7530236772643107,0.753791011855528,0.7517871326449563,0.7522163707095033,0.7503357472021066,0.7530406914125095,0.7503396105798684,0.7517106030870419,0.7512852706006741,0.7523486119736268,0.7518858469167062,0.7532184044078004,0.7518993352326686,0.7515690307171764,0.7521412570826196,0.751587144459843,0.7532514874171669,0.7532209591010062,0.7513894231406932,0.7523244441546587,0.7528007346189164,0.752097999443185,0.7511400479742731,0.7527010961159087,0.7514635725707338,0.7501629574448273,0.7528312533627285,0.7517123737042383,0.7509260475502431,0.7505563476939888,0.7499437852995251,0.7518419773840638,0.7513068271820054,0.7520474590508189,0.751910686803871,0.7523436079877431,0.7513109887666898,0.7520676394668915,0.7514382536054851,0.7502777043110288,0.7505516444257644,0.7503825655638224,0.7500796093832927,0.749211876591086,0.7510434084236304,0.7490668657353098,0.7517504024289696,0.7514853299133667,COMPLETE
13,0.5259304366041305,2026-07-31 13:08:29.743286,2026-07-31 13:39:36.421345,0 days 00:31:06.678059,128,0.19816353463766032,566,0.001767570248694453,7,0.7395792250887381,0.7491113342197379,0.75,0.7487603084860392,0.7516965599885377,0.7519470508492597,0.7532869900283787,0.7479394029327254,0.7506426735218509,0.7520324667624155,0.7494456762749445,0.7505872049046538,0.7453110098548268,0.7545021707480227,0.751889118411408,0.7529848274034321,0.7520036031739724,0.7521446850263196,0.7537489513422819,0.7512035947362791,0.7547500424986596,0.7422400649050903,0.7550121115291449,0.744157904644096,0.7540819945617192,0.7523426332786278,0.7483435632697858,0.7516206656234796,0.751111825537159,0.7429431585924985,0.7525961966046718,0.7540914923145409,0.7507409602845287,0.7499362047893415,0.7534964810850309,0.7522704003616685,0.7540906106369009,0.7507599191205024,0.754338210275604,0.7468612744104332,0.7532205697528278,0.7511114077831921,0.7510020713959056,0.7488675852184378,0.753280535702788,0.7530249855953067,0.7479809428148712,0.7463354715436058,0.7534374271731531,0.7525328305294048,0.7508196721311475,0.751593543321756,0.7489419241430599,0.7528954486960633,0.7504075708775697,0.7508561304227103,0.7478142295660544,0.7512201626883585,0.7511909317638986,0.7485707301837342,0.7519261616135055,0.7486445398162225,0.750422807441411,0.7498895330932073,0.7504450839970551,0.7505839951945539,0.7458790649717131,0.7496939372970671,0.7516082726354405,0.7495664098737547,0.7514320248042462,0.750207202630805,0.7516664000426598,0.7528824688115562,0.7464229367281432,0.753027704142627,0.750783033391729,0.7493549674158798,0.7514874502541471,0.7502733552017494,0.7477785742301086,0.7478712188792475,0.7523510971786834,0.7499767401677366,0.7520849328850177,0.7512072501157637,0.751128839040059,0.7514443311635689,0.7505539143279173,0.745922148238286,0.7482305358948432,0.7510870997496376,0.7505377472325692,0.747978346588251,0.7507623770252712,0.7483395627739385,0.7470391903531438,0.7490633707985014,0.7504607930907368,0.750304088000423,COMPLETE
14,0.5287582187164879,2026-07-31 13:39:36.426655,2026-07-31 13:40:22.917724,0 days 00:00:46.491069,256,0.1756364150680863,609,0.0027327628064196473,2,0.7396044250754275,0.7502587052641482,,0.7513867478292949,0.7522428017968157,0.7543887065687347,,,,,,,0.746446680503376,,,,,,,,,,,0.7508836677409294,,,,,,,,,,,0.7530002650076347,,,,,,,,,,,0.754687121105765,,,,,,,,,,,0.749580756734095,,,,,,,,,,,0.7537582643301881,,,,,,,,,,,0.75335442629302,,,,,,,,,,,0.7517923036373221,,,,,,,,,,,PRUNED
15,0.5248981395176787,2026-07-31 13:40:22.921057,2026-07-31 13:55:07.848180,0 days 00:14:44.927123,512,0.26040632126863783,751,0.0004016394017453248,5,0.7344348039282454,0.7502810943941747,0.7500593276203033,0.748895474137931,0.7498037963738909,0.7533672474234956,0.7527082456878418,0.7530003010116609,0.7543820607139584,0.7548821636550763,0.7541335006339124,0.7496469259015158,0.747080192179993,0.7568203259282235,0.7540317293824571,0.7543889686417574,0.7526729374106288,0.7525020933849037,0.7550202899307141,0.7515138581374876,0.7539425134918655,0.7531878794305559,0.7555526691778153,0.7465888997387242,0.7539373457075341,0.7552116689103527,0.7534270070585131,0.7557948412647055,0.7537262517056786,0.753423568987895,0.7548135287897972,0.7531421630756232,0.7539797777132448,0.753759472557492,0.7485720274589949,0.7536239502700713,0.7545455738910113,0.7550932173411767,0.7544916494206662,0.7527184749953474,0.7543898644143143,0.7525367076519041,0.7546004206098843,0.7515047291487532,0.753235786946024,0.7517932489451477,0.752427763278176,0.7542528406502583,0.7549123426285446,0.7532965652237168,0.7527889927751806,0.7547733556985414,0.7548225939343212,0.7543084806626214,0.753398722027926,0.7531990756025091,0.7476008695191135,0.7533318481437314,0.7527029891880432,0.7540120328071723,0.752895701785738,0.7539549771460937,0.7539396816605346,0.754784751717267,0.7528871408396796,0.7528588654643752,0.7535119306715207,0.7513307380630809,0.754139137193937,0.7541979557780559,0.7517189100049206,0.7530823843206987,0.7541154951659264,0.7535449735449735,0.7526096583719949,0.7534014491998123,0.7535755167559175,0.7520702834695827,0.7514243983315131,0.7539698047338049,0.7526831055965656,0.7514688523720474,0.7510882364615445,0.7536239461473107,0.7519042724229725,0.7527169633013073,0.7536716572687796,0.7532559049980425,0.7521295944938042,0.7505410896150628,0.7526616343944864,0.7520647005360976,0.7521472232721207,0.7511875468768504,0.7509928357500033,0.7516808547031039,0.7511380081568215,0.7507418792500034,0.7512981152804844,0.7524032488000104,COMPLETE
16,0.5285986272100401,2026-07-31 13:55:07.854155,2026-07-31 13:57:20.131185,0 days 00:02:12.277030,512,0.3954585991311387,745,0.0003680218608978946,6,0.7202787684098767,0.7455109035544085,,0.7470807588665995,0.7481981497418244,0.753243332235759,,,,,,,0.7414516453320823,,,,,,,,,,,0.7410875435953805,,,,,,,,,,,0.7482583416269446,,,,,,,,,,,0.748957198650336,,,,,,,,,,,0.7462690558972987,,,,,,,,,,,0.7471852060603621,,,,,,,,,,,0.7487524350865957,,,,,,,,,,,0.749710913513298,,,,,,,,,,,PRUNED
17,0.5357405934294459,2026-07-31 13:57:20.135127,2026-07-31 14:00:58.942464,0 days 00:03:38.807337,256,0.2914088786060287,744,0.00010276408060376063,8,0.7080345021460993,0.7430335459971188,,0.7449844994059244,,,,,,,,,0.7218412346835911,,,,,,,,,,,0.7295506667799202,,,,,,,,,,,0.7406092471136647,,,,,,,,,,,0.7405742339410321,,,,,,,,,,,0.7402540516863776,,,,,,,,,,,0.7351922264469793,,,,,,,,,,,0.7480259202351527,,,,,,,,,,,0.7446651346027577,,,,,,,,,,,PRUNED
18,0.5271983868895184,2026-07-31 14:00:58.945972,2026-07-31 14:06:45.646729,0 days 00:05:46.700757,128,0.3403878979528513,823,0.00032764556556352277,5,0.7283440379782183,0.7491518551057647,,0.747370697812745,0.7496346744245285,0.7535607642100256,0.7534191210023338,0.749966306369444,0.7511507825321219,0.7517692757941787,,,0.7398517472643841,,,,,,,,,,,0.7452344324794328,,,,,,,,,,,0.7510322047894302,,,,,,,,,,,0.7517796430089247,,,,,,,,,,,0.7504801769700502,,,,,,,,,,,0.7502229795391312,,,,,,,,,,,0.7527763540064923,,,,,,,,,,,0.749366817201131,,,,,,,,,,,PRUNED
19,0.528186375012209,2026-07-31 14:06:45.651745,2026-07-31 14:11:03.749913,0 days 00:04:18.098168,512,0.2650068393934399,867,0.0001922168447376802,8,0.723906701508427,0.7481475493762294,,0.7481787275376396,0.7449405936551574,0.7528555092598678,,,,,,,0.7381756293063219,,,,,,,,,,,0.7414249461074577,,,,,,,,,,,0.7466786998818798,,,,,,,,,,,0.7490560751404214,,,,,,,,,,,0.7471601958023201,,,,,,,,,,,0.7467124844417988,,,,,,,,,,,0.7487708422402736,,,,,,,,,,,0.7474557611234929,,,,,,,,,,,PRUNED
20,0.5251740009491338,2026-07-31 14:11:03.754585,2026-07-31 14:42:59.032677,0 days 00:31:55.278092,256,0.185110783059516,650,0.0004744855957261015,10,0.7358143213647707,0.7492367958935566,0.7488650379195423,0.7512459025131253,0.75130466548377,0.7536171433040486,0.7542959103192356,0.7496359239515278,0.7525001655738791,0.7539404326036717,0.7531764270808569,0.750491632218967,0.7476289795757742,0.7547381757859951,0.7541846069283218,0.754488990742067,0.7532532335368656,0.7503563648099836,0.7557505274533011,0.7519067204408417,0.7537483916708243,0.745216070688941,0.7540510776653206,0.7483041210837941,0.7553664768674042,0.7537020647019194,0.750820858517496,0.7560246758410178,0.7506245407788391,0.7497683662096655,0.7528215663808884,0.7537867773401359,0.7541156606162938,0.7532094750286384,0.7507415309361503,0.7533789530152167,0.7531464568589464,0.7542597700846014,0.7538481709715484,0.7489473115957677,0.7541342537736335,0.7518590429395993,0.7542091082342117,0.7487375794103274,0.7525711302531976,0.7517709951807864,0.7521813846297307,0.7519698117218745,0.7534331508475695,0.7542755916793664,0.7541193534477126,0.7523003898066877,0.7527206691321695,0.7529043614316449,0.7514220931620191,0.7508640896269516,0.7470156536153034,0.7527146505992534,0.749899831717285,0.7500332969286913,0.7521997403585151,0.7519747650653874,0.7506221734592844,0.7521244418839118,0.7526440246342541,0.7494260850995675,0.7460242139942245,0.747477210234738,0.7519590470565072,0.7518903220742523,0.7518945114984042,0.7507721300319321,0.7520820823434196,0.7504510719592443,0.7503887819921453,0.7529944208185401,0.7511927669557424,0.7485123624353128,0.7521878609008085,0.7506369721052423,0.7511529189812388,0.7512971651876151,0.7489874283309663,0.750610348357966,0.7486802238657864,0.7511611430370778,0.7505256872874536,0.7486429952074563,0.7510935221828786,0.7443071987716436,0.7501480399510482,0.7506098754158241,0.75075465806183,0.7475885526001116,0.7485445262250514,0.7468389922159766,0.7480229574968923,0.7471508544096623,0.7498362631316968,0.7505473311092578,COMPLETE
21,0.5247337328090084,2026-07-31 14:42:59.040655,2026-07-31 14:48:54.214341,0 days 00:05:55.173686,512,0.22804888936687265,437,0.0010766071937007406,4,0.7376760799795888,0.7506317543953976,0.7510012027650379,0.7506100667721434,0.749863236687259,0.7547337703974143,0.7530172753806106,0.7529016773990479,0.7552708485544306,0.7553736459976277,0.7532911159576425,0.7510932213589376,0.7498719524687564,0.7562185199535064,0.753591972892753,0.7542861657580785,0.7528632972575391,0.7529911128796922,0.7554376105734207,0.7523200384558892,0.7539443384433187,0.7517313297146982,0.7561085681129521,0.7485868313618759,0.7556162082720974,0.7548332939849427,0.7540477822899636,0.7555699147066426,0.7535907529061731,0.7530321487209364,0.7547382789940673,0.7539520619167336,0.7547619359315066,0.7550361452083089,0.7521086675291073,0.7533701948393892,0.7541211493318296,0.7550575867061448,0.7552493181432617,0.7532422846858292,0.753678872944928,0.7533358042994811,0.754851433079148,0.7508771929824561,0.7540348612007747,0.751936650025822,0.753646613054941,0.754115522520872,0.7548874929805545,0.7532012114127836,0.7529549568736024,0.7538007535636182,0.7544809461235217,0.7539581222115473,0.7533319229955574,0.7529057082787893,0.7484343487952446,0.7532320492903973,0.7513069454817027,0.7530601735088669,0.7534123610634422,0.7534126752723513,0.7532625350029059,0.7541666666666667,0.751645736946464,0.7519331520657868,0.7528249703674437,0.7520232358571523,0.7552474784843647,0.7545789459932589,0.752652001748136,0.7539712680556828,0.753396070402016,0.7523849904600381,0.7517302292471361,0.7541856628869059,0.7522674165313478,0.7514962892027771,0.7527167128759708,0.7526608294447649,0.7520497448477613,0.7518338547560407,0.751282729436657,0.753269558380291,0.7528781157583438,0.7534983853606028,0.7536069441005122,0.754028318722401,0.7518715731758752,0.7523842231791403,0.7537056210109694,0.7520544138469478,0.7527171778016395,0.7514944717769666,0.7514484510172227,0.7514513691912096,0.7518525355344005,0.7509881422924901,0.7522260632725749,0.7520185455934458,COMPLETE
22,0.5246442965068236,2026-07-31 14:48:54.219898,2026-07-31 14:56:45.819661,0 days 00:07:51.599763,512,0.2513583423721064,472,0.0008034166097392083,5,0.736839249623591,0.7485571399608029,0.7516897010579571,0.7492609585467971,0.7503032726787976,0.7542219304005253,0.7526273560708696,0.7522766752645155,0.7548031146878138,0.7551232976590371,0.7543850449647361,0.7507269574496466,0.7485779590140516,0.7562512862728956,0.75363838993051,0.7543556534469342,0.753260015710919,0.7522290192315382,0.755462514719351,0.7534036128622132,0.7544991867359253,0.7533292737814725,0.7551653693982571,0.7462698423205751,0.7555275458221732,0.755459260718272,0.7523530033840947,0.7550731599652052,0.7542243512133495,0.7526636023062412,0.7552528466615825,0.7535263352527868,0.7539055805307634,0.7544883303411131,0.7521600844718578,0.7544718013468014,0.7548011333823066,0.7554513666068599,0.754207872159277,0.7530411686586985,0.7545612001718996,0.7533113463482101,0.7546070247283037,0.7498175133147692,0.7529159440244662,0.7520148872318398,0.7539067664401491,0.7543294979215803,0.7556308524749484,0.7538748659845668,0.7539272563511616,0.7539297470948295,0.7553128959364673,0.7549955420359784,0.7535817377717751,0.7522167291813012,0.747545002731476,0.7537701644684988,0.751106017802889,0.7537867773401359,0.7526599968238844,0.7546192185794506,0.7532714476238265,0.7542518007242114,0.7528378271108407,0.7519374674865611,0.7529514186595613,0.7523585528923654,0.7552000830974578,0.7545949891805929,0.7522916279193347,0.7535511549428414,0.7545477264655978,0.7519912624204161,0.752238173438576,0.7542075184816233,0.7533925324760876,0.7518915595005748,0.7521145258733911,0.7538028905892356,0.7539411094075559,0.7522697106450756,0.7527245346825009,0.753929446927887,0.7514663630224953,0.7542212899842685,0.7547738432360812,0.7543752517312614,0.7536003983698287,0.7504919481145336,0.7542951498551902,0.7528921368175283,0.7533981091061467,0.751994477851672,0.7523750543528389,0.7533806382225253,0.7524459252207943,0.7511274894568095,0.7531718569780853,0.7534636205156436,COMPLETE
23,0.5270460534126337,2026-07-31 14:56:45.827559,2026-07-31 14:57:35.078344,0 days 00:00:49.250785,512,0.21058313362002723,459,0.0015119207177865873,3,0.7328125639033168,0.7523459379106221,,0.7509463743495767,0.7520476740522944,0.7537813692951502,0.7548894310832268,0.7538453543961754,0.7545352509723056,0.7538892143461563,,,0.7480079046344107,,,,,,,,,,,0.7490216405338862,,,,,,,,,,,0.7520892777883457,,,,,,,,,,,0.7517257733045265,,,,,,,,,,,0.7508484125840224,,,,,,,,,,,0.7529387069689337,,,,,,,,,,,0.7531527779585356,,,,,,,,,,,0.7529535449109666,,,,,,,,,,,PRUNED
24,0.5270386449125687,2026-07-31 14:57:35.082332,2026-07-31 14:58:50.352264,0 days 00:01:15.269932,512,0.15811698280221048,263,0.0008148542906240556,7,0.7346667930609536,0.7484492151680242,,0.7512226069946337,0.7457705488766796,0.7546681987934502,0.7517363872541223,0.751879500561538,0.7544147144037022,0.7543791054113231,,,0.7482836026622208,,,,,,,,,,,0.746482765881842,,,,,,,,,,,0.7512972187629722,,,,,,,,,,,0.7535336491660718,,,,,,,,,,,0.7457838850718301,,,,,,,,,,,0.7520270895887621,,,,,,,,,,,0.7516609663089201,,,,,,,,,,,0.750680927389889,,,,,,,,,,,PRUNED
25,0.5281688838162326,2026-07-31 14:58:50.355636,2026-07-31 14:59:31.039259,0 days 00:00:40.683623,512,0.3051456053912669,487,0.002642229321742125,3,0.7390259766117578,0.7506773259305725,,0.7506604402935291,0.7509577531770985,0.7540255703707573,,,,,,,0.7485009821151659,,,,,,,,,,,0.7484385208415001,,,,,,,,,,,0.7525599016997747,,,,,,,,,,,0.7514364423455333,,,,,,,,,,,0.7506735533388532,,,,,,,,,,,0.7520717867511216,,,,,,,,,,,0.7523941598199801,,,,,,,,,,,0.752514032573975,,,,,,,,,,,PRUNED
26,0.5278280127656989,2026-07-31 14:59:31.042845,2026-07-31 15:01:14.225915,0 days 00:01:43.183070,256,0.2613476407949513,398,0.001615338848857996,5,0.7384101500417531,0.7489419424850787,,0.7491448577445707,0.7499769241926764,0.7538984117824497,0.7536475145255003,0.7503273912927279,0.7523003799764335,,,,0.7436185931759953,,,,,,,,,,,0.7480591865171522,,,,,,,,,,,0.7508385989546766,,,,,,,,,,,0.7522037989295833,,,,,,,,,,,0.748101973947095,,,,,,,,,,,0.7498718467556994,,,,,,,,,,,0.7519186243138479,,,,,,,,,,,0.7494906166219839,,,,,,,,,,,PRUNED
27,0.5297364376574768,2026-07-31 15:01:14.229561,2026-07-31 15:04:24.195198,0 days 00:03:09.965637,128,0.2114733888197503,518,0.0042672631576611405,6,0.7386200582150129,0.7524463767354498,,0.7511157334878026,0.7524505018159097,0.7496187944458688,,,,,,,0.746810936961307,,,,,,,,,,,0.7430385341744686,,,,,,,,,,,0.7514776317130337,,,,,,,,,,,0.7521964260222952,,,,,,,,,,,0.7480245595301656,,,,,,,,,,,0.7499606361202961,,,,,,,,,,,0.7503985545754065,,,,,,,,,,,0.7488563524728425,,,,,,,,,,,PRUNED
28,0.5270116775488785,2026-07-31 15:04:24.198952,2026-07-31 15:05:23.668250,0 days 00:00:59.469298,512,0.09318151136248065,427,0.0006431873710461327,4,0.7371312391441921,0.751419962134343,,0.7506584723441615,0.7494831748402844,0.7531637243810676,0.7524209040655506,0.7535366441972958,0.7551587198588003,0.7547033004026776,,,0.7475855337511559,,,,,,,,,,,0.7489542475143017,,,,,,,,,,,0.7504559817093535,,,,,,,,,,,0.7516680185248175,,,,,,,,,,,0.7491699845240143,,,,,,,,,,,0.7521525296343666,,,,,,,,,,,0.7526881720430108,,,,,,,,,,,0.7522410031282037,,,,,,,,,,,PRUNED
29,0.527752615941257,2026-07-31 15:05:23.671793,2026-07-31 15:06:31.635259,0 days 00:01:07.963466,256,0.04683294127007692,341,0.0012184044229651295,3,0.7411870479462165,0.7509095773140717,,0.7492139101114575,0.750799100272286,0.7529597890573501,0.7546373716843757,0.7515594017150136,0.7537509426112281,,,,0.7475963438084451,,,,,,,,,,,0.7512271999173254,,,,,,,,,,,0.7523243603206721,,,,,,,,,,,0.7549800283468625,,,,,,,,,,,0.7490542244640606,,,,,,,,,,,0.7521405566756566,,,,,,,,,,,0.7521423346222176,,,,,,,,,,,0.7506978970036955,,,,,,,,,,,PRUNED
30,0.5388562753780655,2026-07-31 16:13:46.996552,2026-07-31 16:15:29.020230,0 days 00:01:42.023678,256,0.3350570913459528,308,0.00015815209909357249,9,0.7132962972027116,0.7453580187026707,,0.7452225870700329,,,,,,,,,0.720434865052778,,,,,,,,,,,0.7318616162418274,,,,,,,,,,,0.7442712640753228,,,,,,,,,,,0.7448688823815214,,,,,,,,,,,0.7403897921826209,,,,,,,,,,,0.7429737877333622,,,,,,,,,,,0.7448934899462473,,,,,,,,,,,0.7442927303146419,,,,,,,,,,,PRUNED
31,0.5281341960071108,2026-07-31 16:15:29.023628,2026-07-31 16:17:09.955612,0 days 00:01:40.931984,512,0.2493678375491034,674,0.00035579093435952853,5,0.7346605522065127,0.749562972326063,,0.7489307905425397,0.7488390712570056,0.7536740168815024,,,,,,,0.7463859538453451,,,,,,,,,,,0.7457176648815298,,,,,,,,,,,0.7504727623668114,,,,,,,,,,,0.7511915361650867,,,,,,,,,,,0.7461530212857219,,,,,,,,,,,0.7497975923443452,,,,,,,,,,,0.7514771048744461,,,,,,,,,,,0.7500865074928798,,,,,,,,,,,PRUNED
32,0.5326939854262743,2026-07-31 16:17:09.959299,2026-07-31 16:17:55.265132,0 days 00:00:45.305833,512,0.27640170964647987,403,0.00026859049043396875,5,0.7245072087929807,0.7480602464628023,,0.7477567298105683,,,,,,,,,0.7401777801648898,,,,,,,,,,,0.7416766677004814,,,,,,,,,,,0.7455949052085145,,,,,,,,,,,0.7487741178978787,,,,,,,,,,,0.7469934377929557,,,,,,,,,,,0.7475853961553361,,,,,,,,,,,0.7479120229878884,,,,,,,,,,,0.748119645514634,,,,,,,,,,,PRUNED
33,0.5251031175036037,2026-07-31 16:17:55.268043,2026-07-31 16:27:51.429561,0 days 00:09:56.161518,512,0.2219960613340262,680,0.0004342244342556937,4,0.7349318801089918,0.7517581526435437,0.7507428978961131,0.7492045515828075,0.7500232258749518,0.7539810482444069,0.7537409650322329,0.7530031008155926,0.7551159083187413,0.7547056598359052,0.7534097036812962,0.7512213353266238,0.7479822725913988,0.7552409332830169,0.7536075841331951,0.7539477158700819,0.7530833322364524,0.7521868971167314,0.7551330897364212,0.7519369525280226,0.7543469975160014,0.7538601511095874,0.7545563113349603,0.7485843266146597,0.7557327496351887,0.7543983848553973,0.7529109770297449,0.7554099379686346,0.7539942835315657,0.7538152135336567,0.7539613944108327,0.7542211418435056,0.7547051196416644,0.7543932945139306,0.749983889884136,0.7535731113554264,0.754303640629531,0.7550624422132802,0.7546556155904107,0.752583184494278,0.753365113133462,0.7535999368778191,0.7550884173876622,0.7504817864506826,0.7538887649151363,0.7517552657973922,0.75318957056842,0.7537309525056292,0.7536862524083515,0.7529868894057941,0.7514906815690259,0.7538788607043351,0.753410806906966,0.7540708278115282,0.7533448225961349,0.7530668777206173,0.7487755156072119,0.7546089275908057,0.7513557447602297,0.7533850279388647,0.7537698985077759,0.7531402743469806,0.7532583443804224,0.7528799116301089,0.751256547272631,0.7513544302120726,0.7526123233227173,0.7509565446058774,0.7539947686012483,0.7537716009874738,0.7517799952357005,0.7534883720930232,0.7539057911429579,0.7525016501650165,0.7518524357559514,0.7531596864443256,0.7525613408290863,0.7513028257727448,0.7514175342106986,0.7520250849229161,0.7525638831474875,0.7512029586818489,0.7500066093853271,0.7526918163568579,0.7515831134564643,0.7534888578478087,0.7527963914165776,0.753207331785339,0.7521751040267143,0.7514411217665449,0.7519897539108956,0.7518513638160496,0.7521865889212828,0.750776847316585,0.7513472716920673,0.7504357010826512,0.7511076635858062,0.7496871422105067,0.7506440181501968,0.7508839012125815,COMPLETE
34,0.5266136282804641,2026-07-31 16:27:51.436355,2026-07-31 16:29:10.231291,0 days 00:01:18.794936,512,0.2889509223169976,366,0.0007349076675345855,7,0.7288566534632266,0.7478963129581702,,0.7486244002927385,0.7489005684865386,0.7548321198470483,0.7508441679295951,0.7508463916284174,0.7547189501558852,0.7554865424430642,,,0.7456728232189974,,,,,,,,,,,0.745877749830319,,,,,,,,,,,0.7507036225211087,,,,,,,,,,,0.7518537859007833,,,,,,,,,,,0.7501971712498028,,,,,,,,,,,0.750364222035099,,,,,,,,,,,0.7528086951977844,,,,,,,,,,,0.7501770798529903,,,,,,,,,,,PRUNED
35,0.5275006879123957,2026-07-31 16:29:10.234195,2026-07-31 16:30:35.777238,0 days 00:01:25.543043,1024,0.25273255130775807,536,0.0009337797455478635,6,0.7366125450459435,0.7508723145412495,,0.7503657865417399,0.7514798384426935,0.7541034778763364,0.7500435791195676,0.7542931937172774,0.7534242967021388,0.752656138778308,,,0.7467441921650135,,,,,,,,,,,0.7432388838109576,,,,,,,,,,,0.7509732185868475,,,,,,,,,,,0.7525409447574912,,,,,,,,,,,0.7531661318839631,,,,,,,,,,,0.753435164120897,,,,,,,,,,,0.750368844287898,,,,,,,,,,,0.7516193028786147,,,,,,,,,,,PRUNED
36,0.5248848098157842,2026-07-31 16:30:35.781633,2026-07-31 16:36:23.025296,0 days 00:05:47.243663,512,0.18039794018542815,438,0.0006337411963587618,4,0.7382799870675719,0.7510819041513063,0.749095247564128,0.7508427417197282,0.7498196585535281,0.7528054286695007,0.752959044726092,0.7529301085806123,0.7553951229646558,0.7556634722186346,0.753811948270645,0.7504182672359563,0.7479332477535302,0.7558416227813536,0.7536273750279029,0.7540564408767976,0.7529054811687883,0.7520587728255248,0.7555196413210645,0.7528136169760428,0.7540884312537856,0.7516853633190332,0.7551025700873986,0.7506145222333493,0.7552813903841369,0.7537782216731936,0.7527029165128422,0.7545802765694994,0.7534059228867498,0.7528701543490582,0.7539669020820503,0.7528593264112159,0.7533520177897077,0.7540489543477121,0.7513158749756319,0.7535000457522321,0.7543604078900744,0.7548097030531159,0.7547402537758008,0.7523703585995021,0.7526816620381948,0.7530429507721117,0.7548319602458481,0.7496550791289057,0.7526340743862606,0.7522579290065112,0.7519468438538206,0.7534435081189468,0.7538711452301726,0.7522490703842412,0.7515632515632515,0.7522093453987405,0.7535106536988537,0.7546285385078692,0.752767430186785,0.751835147539249,0.7504468510146146,0.7523921083457271,0.7505272994259778,0.7528831623319813,0.7523115126538807,0.75292013048511,0.7519698526892772,0.7524976041379492,0.7508881701044594,0.7509991634910308,0.7514831208297549,0.7527393120845048,0.7537361076728641,0.75376239956029,0.7516874833909115,0.7527221866380832,0.7539097233118887,0.7510452198611682,0.7507413313652358,0.7532677185856377,0.7524965553441375,0.7507014720940438,0.7520323071274978,0.7524685230656706,0.7521908150490875,0.7508972484381231,0.7499800239712345,0.7534801117814516,0.7505251060119684,0.7528312718542873,0.7519858091275483,0.7528375402337795,0.75080600770622,0.7528373266078184,0.7515328160489451,0.7504791107704101,0.7520982546187789,0.7499735952682721,0.7497711928479527,0.7500462730373622,0.7503327578708767,0.7479740137967986,0.7515070678540139,0.7518296214394777,COMPLETE
37,0.5251630237336816,2026-07-31 16:36:23.030749,2026-07-31 16:42:31.166285,0 days 00:06:08.135536,512,0.17406320918117651,452,0.0006527334047777969,4,0.7394735434166176,0.7514123542782704,0.7502984005729291,0.7513240250361097,0.7499766756854016,0.7548879663702676,0.7532170807290299,0.7529605306106462,0.7551776590350637,0.7555019204816775,0.7533416573569035,0.7502443596438374,0.7470252818496628,0.756041097671999,0.7545229082365227,0.7541767370603696,0.7530538479803709,0.753913687328115,0.7559329075141507,0.7514691740570574,0.7537721465748384,0.7519657847200085,0.7546019463008559,0.7487968948741821,0.7552622982948978,0.7539308176100629,0.753252929287592,0.7549483090030651,0.7535656540428273,0.7522751322751323,0.7538775403447284,0.7537332120780779,0.7530483790260989,0.7541258009676998,0.7517393648430079,0.7539675271152513,0.7545383206905572,0.7547011461092606,0.7547288446423893,0.7518906533515225,0.7532402791625125,0.7521227350879514,0.7551183474581822,0.7495439497331261,0.7526229767490905,0.7523464191745317,0.7521447221186125,0.7538936749775177,0.7547234087157045,0.751860910250957,0.7524995334204282,0.7531719940322943,0.753742819963459,0.7532902921648486,0.7530381430132586,0.7519295834214421,0.7506223574505078,0.7524653535645726,0.7503314184710561,0.7528717378645916,0.7520528052805281,0.7537791577313213,0.7530677070290361,0.7528753006742991,0.75132429282763,0.751718201681785,0.7520412889565274,0.7518435945806894,0.7543752358398501,0.7533180778032037,0.7512126406995442,0.7530111018014244,0.7531952864603837,0.7523682083758396,0.750774422313908,0.7530775557093065,0.751939516075921,0.7512414157422082,0.7530860975546102,0.7524550506701536,0.7519234057103779,0.750529132223154,0.7504317101033448,0.7528488257996991,0.7517150395778364,0.752464604090194,0.7530264456798462,0.752499187520312,0.7511883814376132,0.7524300052826202,0.7521923213045131,0.7515868093585464,0.7521163986549256,0.7510003565627352,0.7505930058439235,0.7505138339920948,0.7513815055457111,0.7496997998665778,0.7526769254906063,0.7519410345189382,COMPLETE
38,0.5279594121333385,2026-07-31 16:42:31.171849,2026-07-31 16:42:55.140741,0 days 00:00:23.968892,1024,0.12538560186284425,374,0.0005862549652711211,3,0.7349043899811473,0.7526178692367804,,0.7482229805370847,0.7490583866803306,0.7549874104202983,,,,,,,0.7473906126725041,,,,,,,,,,,0.7473790109075505,,,,,,,,,,,0.749745941579592,,,,,,,,,,,0.7518812763837541,,,,,,,,,,,0.7525747883956839,,,,,,,,,,,0.752970136684589,,,,,,,,,,,0.7498681851734683,,,,,,,,,,,0.7533119436969572,,,,,,,,,,,PRUNED
39,0.5290722106655122,2026-07-31 16:42:55.143650,2026-07-31 16:43:39.432800,0 days 00:00:44.289150,256,0.004395675697508483,484,0.0012181915530110712,2,0.7395237265649081,0.7497730549474021,,0.7513813608377624,0.7516396517599576,0.752168068112924,,,,,,,0.7426803960186642,,,,,,,,,,,0.7485158714828408,,,,,,,,,,,0.7517859857121143,,,,,,,,,,,0.7538400744432688,,,,,,,,,,,0.7492552778137547,,,,,,,,,,,0.7537839664384173,,,,,,,,,,,0.7509389975391788,,,,,,,,,,,0.7519424763610504,,,,,,,,,,,PRUNED
40,0.5278337350482647,2026-07-31 16:43:39.435726,2026-07-31 16:44:21.366682,0 days 00:00:41.930956,512,0.14524073917668728,436,0.002074677354492763,4,0.7392584986218451,0.7503378875670756,,0.751280243678589,0.7503377751874322,0.7539034239638004,,,,,,,0.7472303018550837,,,,,,,,,,,0.7502789961329839,,,,,,,,,,,0.7520369850067686,,,,,,,,,,,0.7522045971271241,,,,,,,,,,,0.750319731030391,,,,,,,,,,,0.7511342055285926,,,,,,,,,,,0.751927284092093,,,,,,,,,,,0.7527690865644844,,,,,,,,,,,PRUNED
41,0.5292715326793154,2026-07-31 16:44:21.369843,2026-07-31 16:45:07.979875,0 days 00:00:46.610032,512,0.24080141103360092,307,0.00027698750364674987,5,0.7216731283787473,0.7486965308184574,,0.7492310791753408,0.7469820819574514,0.752723644828733,,,,,,,0.7375493429946466,,,,,,,,,,,0.7392583067726358,,,,,,,,,,,0.7456230690010298,,,,,,,,,,,0.7446736281791888,,,,,,,,,,,0.7456728688879273,,,,,,,,,,,0.7479971550879642,,,,,,,,,,,0.7465077949798709,,,,,,,,,,,0.7479563115295005,,,,,,,,,,,PRUNED
42,0.5250463542752599,2026-07-31 16:45:07.983092,2026-07-31 17:02:26.067252,0 days 00:17:18.084160,512,0.1954549462730009,900,0.0004155227875752842,5,0.7357865885098646,0.7509402535998281,0.7467815710971163,0.7492341591874025,0.7480744544287549,0.7546942674325792,0.7521307004431856,0.7520186967425128,0.7538996833339849,0.7545655855151752,0.753303848786395,0.7500134069823564,0.7475728155339806,0.7557913305144103,0.7542180975692763,0.7543746631082129,0.7539401232065083,0.7532347382472279,0.7538817138305235,0.7523334747560458,0.7536965848410502,0.7518842806617833,0.7558888444312506,0.7487437845213262,0.7548252682888479,0.7544486771382352,0.7524911900959521,0.7544209408901432,0.7528334498819121,0.7522322016488002,0.7547937170044972,0.7526728439059159,0.7528472901197051,0.7536341769504288,0.7502380523457807,0.7526574480634379,0.7539345490881839,0.7544880492641687,0.754023834237738,0.7520261039116075,0.7527256983166927,0.7508945847801309,0.754510561633463,0.7511811446365296,0.7524979266221713,0.7525312414485086,0.7514651674666525,0.7529699874947895,0.7536809534423307,0.752868455610235,0.7511638424090873,0.7526833631484794,0.7535271231512897,0.7535860119359229,0.7511641712288107,0.7513009483054653,0.7475383905621829,0.7529362416107382,0.7521687226422602,0.7511130373113747,0.7509749745515117,0.7526033449037551,0.7510584138958863,0.7513568208996413,0.7501089698714816,0.7503943374468142,0.7505913133101653,0.7505262182448801,0.7522243262172188,0.7523642276422764,0.7504418663370942,0.7520737567226179,0.7513230278717872,0.74989417989418,0.7501470953570167,0.7524280692618148,0.75100680825386,0.7487367206461624,0.7508918815739242,0.7511926077921399,0.7500622322376093,0.7491834278837889,0.7477660868185904,0.7510016129871482,0.7497755953323829,0.7502523034981716,0.7496396337900136,0.7492916552417512,0.7500457121960139,0.7518941893925394,0.750571066818081,0.7493150684931507,0.7496220612000208,0.7484187596777157,0.747861216730038,0.7490772009738474,0.7493429225237006,0.7474260910991716,0.7482381245015102,0.748093406665529,COMPLETE
43,0.5280178197001185,2026-07-31 17:02:26.074496,2026-07-31 17:03:07.486614,0 days 00:00:41.412118,512,0.31661638098676764,347,0.0008318298629687502,4,0.7322699853268844,0.7491441356443918,,0.7487618613016227,0.7498459972681254,0.7544363564823923,,,,,,,0.7469197253933572,,,,,,,,,,,0.7484766861058082,,,,,,,,,,,0.7503006535947713,,,,,,,,,,,0.752450338068033,,,,,,,,,,,0.7491678870989216,,,,,,,,,,,0.7518351102383996,,,,,,,,,,,0.7502460826305568,,,,,,,,,,,0.7523001080853083,,,,,,,,,,,PRUNED
44,0.52978058789319,2026-07-31 17:03:07.489590,2026-07-31 17:03:53.608638,0 days 00:00:46.119048,512,0.2777883526558613,574,0.0001971416978881227,3,0.7208539500750542,0.7499900815954085,,0.7474948820170241,0.7483843401164343,0.7526197212616578,,,,,,,0.7396855404523851,,,,,,,,,,,0.7422262219774611,,,,,,,,,,,0.7447299297323964,,,,,,,,,,,0.7497173507217416,,,,,,,,,,,0.74876678361339,,,,,,,,,,,0.750059227671168,,,,,,,,,,,0.7482020116238953,,,,,,,,,,,0.7495492151039457,,,,,,,,,,,PRUNED
45,0.5331034587277522,2026-07-31 17:03:53.611976,2026-07-31 17:07:02.750585,0 days 00:03:09.138609,1024,0.23416748184991587,997,0.00015147749198726182,7,0.7236538514997359,0.7462958431884295,,0.746895504582181,,,,,,,,,0.7322202466940771,,,,,,,,,,,0.7358956570001387,,,,,,,,,,,0.7405547781710429,,,,,,,,,,,0.7445269421848556,,,,,,,,,,,0.7472839555787754,,,,,,,,,,,0.7448388191381066,,,,,,,,,,,0.7425225249934859,,,,,,,,,,,0.7479484488928351,,,,,,,,,,,PRUNED
46,0.5338413246298539,2026-07-31 17:07:02.753838,2026-07-31 17:09:49.552813,0 days 00:02:46.798975,128,0.20710940252947085,281,0.009606261224252241,6,0.737573749292815,0.750407046576805,,0.7456478907451891,0.7477683649844087,0.7417117066919262,,,,,,,0.7440897555763323,,,,,,,,,,,0.7455628917461421,,,,,,,,,,,0.7508722781102763,,,,,,,,,,,0.7529152799979036,,,,,,,,,,,0.7477352743383836,,,,,,,,,,,0.7500032645173085,,,,,,,,,,,0.7505603164139749,,,,,,,,,,,0.745377498603371,,,,,,,,,,,PRUNED
47,0.5279958893586676,2026-07-31 17:09:49.556478,2026-07-31 17:11:33.272574,0 days 00:01:43.716096,512,0.16334594446612616,777,0.0005467528028665141,4,0.7390001996938028,0.7516215999786456,,0.7489338876223682,0.749123831775701,0.7529792439428616,,,,,,,0.748428161142591,,,,,,,,,,,0.7476461486008026,,,,,,,,,,,0.7509680387471087,,,,,,,,,,,0.7511051874529883,,,,,,,,,,,0.7488902314097344,,,,,,,,,,,0.7531157735218039,,,,,,,,,,,0.752580413649116,,,,,,,,,,,0.751857668905988,,,,,,,,,,,PRUNED
48,0.5278692310275283,2026-07-31 17:11:33.276250,2026-07-31 17:12:54.933048,0 days 00:01:21.656798,256,0.1893671260608038,389,0.00032197363831417384,5,0.7338616184072342,0.7493096620374735,,0.7475329949238578,0.7500200518674972,0.7532409300117372,,,,,,,0.7428341600750771,,,,,,,,,,,0.7470305448799497,,,,,,,,,,,0.7494958169067228,,,,,,,,,,,0.7499900362679846,,,,,,,,,,,0.7463918630985085,,,,,,,,,,,0.7487831368920713,,,,,,,,,,,0.751779756744687,,,,,,,,,,,0.7479785809906292,,,,,,,,,,,PRUNED
49,0.528293129117996,2026-07-31 17:12:54.935988,2026-07-31 17:14:50.895566,0 days 00:01:55.959578,512,0.21796899780744589,489,0.0010619884950179349,9,0.7342664079380152,0.7485376957056209,,0.7509243250432238,0.7487354255276328,0.7540482657751776,,,,,,,0.7476043237165564,,,,,,,,,,,0.7467586280642661,,,,,,,,,,,0.7521303805765844,,,,,,,,,,,0.7523718793636708,,,,,,,,,,,0.747508930250047,,,,,,,,,,,0.7460477540340166,,,,,,,,,,,0.7518877677882035,,,,,,,,,,,0.7510484482965212,,,,,,,,,,,PRUNED
50,0.5340504682760113,2026-07-31 17:14:50.899288,2026-07-31 17:16:20.783134,0 days 00:01:29.883846,512,0.2941901937110829,614,0.0001329788279437125,6,0.7046504809638824,0.7431946796645875,,0.7451354965477718,,,,,,,,,0.7250226971157204,,,,,,,,,,,0.726857465106443,,,,,,,,,,,0.7368421052631579,,,,,,,,,,,0.7369255150554676,,,,,,,,,,,0.7404453579993149,,,,,,,,,,,0.7427012801886017,,,,,,,,,,,0.7421725810218577,,,,,,,,,,,0.7427952210471448,,,,,,,,,,,PRUNED
51,0.5270764679646903,2026-07-31 17:16:20.787412,2026-07-31 17:17:34.584983,0 days 00:01:13.797571,512,0.23661100923483225,531,0.0009544679235627715,4,0.7373180117871848,0.751091585721387,,0.7504538658692866,0.748854666150209,0.7542648679859325,0.7531913222220767,0.7533155108245532,0.7554959366534695,,,,0.7496202887082158,,,,,,,,,,,0.7500654347484689,,,,,,,,,,,0.7528950650276145,,,,,,,,,,,0.7532857777429385,,,,,,,,,,,0.7504023640537189,,,,,,,,,,,0.7524427400714436,,,,,,,,,,,0.7524981592510781,,,,,,,,,,,0.7522897035922612,,,,,,,,,,,PRUNED
52,0.525373868795004,2026-07-31 17:17:34.589016,2026-07-31 17:19:39.570193,0 days 00:02:04.981177,512,0.26499320928552844,574,0.0004954696673224755,5,0.7350799205523503,0.7486302394191944,,0.7497517911288808,0.7501737131861671,0.7550654684822562,0.7518001740827684,0.752795847296143,0.754358947588223,0.7549385454450562,0.7537848395964591,0.7502877177956803,0.747075012717336,0.7558273325490298,,,,,,,,,,0.7490536277602524,,,,,,,,,,,0.7513130320043466,,,,,,,,,,,0.7517212382403953,,,,,,,,,,,0.7468562934393957,,,,,,,,,,,0.7522230674396034,,,,,,,,,,,0.7517185072032447,,,,,,,,,,,0.7514875233564358,,,,,,,,,,,PRUNED
53,0.526944527010917,2026-07-31 17:19:39.573841,2026-07-31 17:20:46.337357,0 days 00:01:06.763516,512,0.2491534767563521,501,0.0013724432631046929,4,0.7384985602076546,0.7500772901404664,,0.7501606167683906,0.7496871755278081,0.7546443076116861,0.7526771519045554,0.7524249604021311,0.7551158552460296,,,,0.7468698825319459,,,,,,,,,,,0.7492073433279837,,,,,,,,,,,0.7519115307640991,,,,,,,,,,,0.7516167348554837,,,,,,,,,,,0.7515849840843922,,,,,,,,,,,0.7522889719774339,,,,,,,,,,,0.752105849217266,,,,,,,,,,,0.7529210526315789,,,,,,,,,,,PRUNED
54,0.5297076904036088,2026-07-31 17:20:46.340998,2026-07-31 17:21:21.076232,0 days 00:00:34.735234,512,0.22721713118351522,424,0.0002158037335116985,3,0.7244775996373078,0.7517302292471361,,0.748940280087997,0.7472418061460632,0.7512761511809357,,,,,,,0.7403724051275882,,,,,,,,,,,0.7422596964586846,,,,,,,,,,,0.7462117678416739,,,,,,,,,,,0.7490246731336989,,,,,,,,,,,0.7488235605139322,,,,,,,,,,,0.7491632577166233,,,,,,,,,,,0.7493200242942777,,,,,,,,,,,0.7501358893794164,,,,,,,,,,,PRUNED
55,0.527586507723224,2026-07-31 17:21:21.080018,2026-07-31 17:24:11.348644,0 days 00:02:50.268626,128,0.17548837907538678,554,0.0006671968657409204,4,0.7380479859846981,0.7496133496133496,,0.7483654833306317,0.7493917925411041,0.752437990248039,0.7531317353536673,0.7497085895735359,0.7526206004277454,,,,0.744803913619287,,,,,,,,,,,0.7480751826445089,,,,,,,,,,,0.7514860804868928,,,,,,,,,,,0.75271186662994,,,,,,,,,,,0.7490977142093304,,,,,,,,,,,0.7512608592326583,,,,,,,,,,,0.7511390125026489,,,,,,,,,,,0.7510080510120698,,,,,,,,,,,PRUNED
56,0.5275315889872061,2026-07-31 17:24:11.351864,2026-07-31 17:29:02.870441,0 days 00:04:51.518577,256,0.2007560300345395,707,0.002015522251908492,8,0.7427415516420752,0.7521793275217933,,0.7525055206386955,0.7516140255924537,0.7540713416787662,0.7552543930171126,0.7514319049639372,0.7529180554264544,,,,0.7443901016607685,,,,,,,,,,,0.7479245683367371,,,,,,,,,,,0.7525854402236056,,,,,,,,,,,0.7532226191878345,,,,,,,,,,,0.7465802735781137,,,,,,,,,,,0.749739144393611,,,,,,,,,,,0.7533592964176102,,,,,,,,,,,0.7469468513338337,,,,,,,,,,,PRUNED
57,0.5293637408911374,2026-07-31 17:29:02.874209,2026-07-31 17:29:34.655157,0 days 00:00:31.780948,512,0.31991136209081417,629,0.0009015612976386738,2,0.7242429721947895,0.7529636261452601,,0.7488400080229992,0.751184648009006,0.7528777731268314,,,,,,,0.7437430153078463,,,,,,,,,,,0.7469420051107104,,,,,,,,,,,0.7496339677891655,,,,,,,,,,,0.7495965852896778,,,,,,,,,,,0.7503072802784283,,,,,,,,,,,0.7519339462922928,,,,,,,,,,,0.7514467441739221,,,,,,,,,,,0.7516448234117585,,,,,,,,,,,PRUNED
58,0.5296009132861099,2026-07-31 17:29:34.658448,2026-07-31 17:31:48.314575,0 days 00:02:13.656127,1024,0.35865515542113885,832,0.0007439358996142884,5,0.7364253393665159,0.7502004168670835,,0.74773595346389,0.749483734277362,0.7546387991243615,0.7514204166555523,0.7545933627688364,0.7549838891363005,0.7510939033122066,,,0.745648349917299,,,,,,,,,,,0.7475712693103997,,,,,,,,,,,0.7489142842148078,,,,,,,,,,,0.7520618760112071,,,,,,,,,,,0.7521077483591787,,,,,,,,,,,0.7523121687623402,,,,,,,,,,,0.7494585416722372,,,,,,,,,,,0.7514576486801654,,,,,,,,,,,PRUNED
59,0.5276799118669143,2026-07-31 17:31:48.318883,2026-07-31 17:32:26.446901,0 days 00:00:38.128018,512,0.2606599643202647,469,0.001055663867270514,3,0.7356312483891534,0.7512760527435134,,0.7512377893750837,0.7504996889353648,0.7538508083080121,,,,,,,0.7490587615486425,,,,,,,,,,,0.7498991056201424,,,,,,,,,,,0.7531768994481053,,,,,,,,,,,0.7527002641420614,,,,,,,,,,,0.7512571324353196,,,,,,,,,,,0.7532728054292749,,,,,,,,,,,0.7520510840977193,,,,,,,,,,,0.7528201068672076,,,,,,,,,,,PRUNED
60,0.5280706822103161,2026-07-31 17:32:26.451436,2026-07-31 17:34:59.881232,0 days 00:02:33.429796,256,0.27915074341245943,407,0.00041265906238771355,10,0.7274144153997594,0.7458270728042617,,0.7498264723156602,0.7491937945403634,0.7550357207335001,,,,,,,0.7411805518492822,,,,,,,,,,,0.7424632303150139,,,,,,,,,,,0.7498604639088278,,,,,,,,,,,0.7512306841814305,,,,,,,,,,,0.742613613080359,,,,,,,,,,,0.7500399169726968,,,,,,,,,,,0.7502387267904509,,,,,,,,,,,0.7424801891880679,,,,,,,,,,,PRUNED
61,0.5273309150737122,2026-07-31 17:34:59.884329,2026-07-31 17:37:56.559371,0 days 00:02:56.675042,512,0.18969140392045317,933,0.0002895897981929563,5,0.7386941432837427,0.7504924227197813,,0.7490387080235837,0.7485666172166312,0.7538790446336057,0.7515095583388266,0.7524550239610338,0.7539299773195339,,,,0.7477840872005743,,,,,,,,,,,0.7495479441285149,,,,,,,,,,,0.7498179737882255,,,,,,,,,,,0.7521660602570479,,,,,,,,,,,0.7470929846243803,,,,,,,,,,,0.7506241991096081,,,,,,,,,,,0.7517670862127861,,,,,,,,,,,0.7506041052603627,,,,,,,,,,,PRUNED
62,0.5282280238889856,2026-07-31 17:37:56.565258,2026-07-31 17:40:33.853504,0 days 00:02:37.288246,512,0.2192004217553756,838,0.0004121155431957991,6,0.7379729729729729,0.7499153793038086,,0.7498258026477997,0.7482646304997864,0.7536558224782353,,,,,,,0.7487071541799849,,,,,,,,,,,0.7476514329566805,,,,,,,,,,,0.7499217200709738,,,,,,,,,,,0.7523704520396913,,,,,,,,,,,0.747539942863189,,,,,,,,,,,0.7516344185432213,,,,,,,,,,,0.7516195871691976,,,,,,,,,,,0.7506746606755912,,,,,,,,,,,PRUNED
63,0.5270740142717698,2026-07-31 17:40:33.857682,2026-07-31 17:43:25.015395,0 days 00:02:51.157713,512,0.199853493032687,920,0.0005584500271298162,5,0.7393363649857638,0.7506537043245055,,0.7488133866080288,0.7499136533914291,0.7543075774053644,0.7521713422245582,0.7522230991844252,0.754638261255036,,,,0.7467775575505551,,,,,,,,,,,0.7490408160592926,,,,,,,,,,,0.7518796992481203,,,,,,,,,,,0.7511383262678599,,,,,,,,,,,0.7480264111654388,,,,,,,,,,,0.7521625956406279,,,,,,,,,,,0.7509816023427138,,,,,,,,,,,0.7515239477503628,,,,,,,,,,,PRUNED
64,0.5283737343745432,2026-07-31 17:43:25.019560,2026-07-31 17:45:05.097618,0 days 00:01:40.078058,512,0.15473849237540913,861,0.0012354394967095212,4,0.7413751700952533,0.7514642561044101,,0.752108821849387,0.7504323375268973,0.7528649725959143,,,,,,,0.7479327961236636,,,,,,,,,,,0.7502619358677515,,,,,,,,,,,0.7512143584193369,,,,,,,,,,,0.7515609768949074,,,,,,,,,,,0.7500788560614026,,,,,,,,,,,0.7517147136888025,,,,,,,,,,,0.7527785731018507,,,,,,,,,,,0.752871297537386,,,,,,,,,,,PRUNED
65,0.5275772332078462,2026-07-31 17:45:05.102776,2026-07-31 17:47:19.094582,0 days 00:02:13.991806,512,0.24769505548550322,910,0.00023551279783746597,5,0.7312771694271721,0.7500772403046626,,0.748879346319006,0.7483578039573903,0.7536971067264339,,,,,,,0.745826531149613,,,,,,,,,,,0.7493821967506178,,,,,,,,,,,0.74906239790918,,,,,,,,,,,0.7512769411485212,,,,,,,,,,,0.7471405665419562,,,,,,,,,,,0.74951296765045,,,,,,,,,,,0.750906525666214,,,,,,,,,,,0.7508874559595825,,,,,,,,,,,PRUNED
66,0.5283466559461393,2026-07-31 17:47:19.099166,2026-07-31 17:49:29.715928,0 days 00:02:10.616762,512,0.1340508610504258,999,0.00036950192206943377,4,0.7380519777661135,0.7505763515944617,,0.7476035754250199,0.7476463773519582,0.7525695861025202,,,,,,,0.7487281204518231,,,,,,,,,,,0.7494948448266929,,,,,,,,,,,0.7510237510237511,,,,,,,,,,,0.7514054210984719,,,,,,,,,,,0.7489857210601191,,,,,,,,,,,0.7517123063424089,,,,,,,,,,,0.7517743403093722,,,,,,,,,,,0.7518555561404432,,,,,,,,,,,PRUNED
67,0.5281327981111492,2026-07-31 17:49:29.720149,2026-07-31 17:52:25.958879,0 days 00:02:56.238730,128,0.10441774315784842,445,0.0004592663707851048,6,0.738741190236469,0.7512566844919786,,0.7485126658949579,0.7504457751164338,0.7502346662375627,,,,,,,0.7470805812417437,,,,,,,,,,,0.7431873152378393,,,,,,,,,,,0.7528422881377583,,,,,,,,,,,0.751626381763368,,,,,,,,,,,0.7497142857142857,,,,,,,,,,,0.7461959009991651,,,,,,,,,,,0.7513766919775503,,,,,,,,,,,0.7485144770959378,,,,,,,,,,,PRUNED
68,0.5280757810228535,2026-07-31 17:52:25.963249,2026-07-31 17:57:27.497675,0 days 00:05:01.534426,256,0.23168029139347474,785,0.0006239362931936539,7,0.7373125059066546,0.7500437480649894,,0.749435062243438,0.7505391048230158,0.7538570715168081,0.7535886407213557,0.7500468879779224,0.7540850209336816,,,,0.7464246204699642,,,,,,,,,,,0.7475891869104706,,,,,,,,,,,0.7512166156785295,,,,,,,,,,,0.7522798152461411,,,,,,,,,,,0.7464858166895394,,,,,,,,,,,0.7486801128085863,,,,,,,,,,,0.7533091416248047,,,,,,,,,,,0.7492467448617238,,,,,,,,,,,PRUNED
69,0.52706254776831,2026-07-31 17:57:27.501746,2026-07-31 17:58:32.310759,0 days 00:01:04.809013,512,0.3007333900370391,507,0.0007524199584110354,4,0.7374845097072501,0.7503951986710607,,0.7487281634410917,0.7492415496550058,0.7549689562263266,0.7534749161680584,0.7534298730454647,0.7543519806549747,,,,0.7497089936937974,,,,,,,,,,,0.747553351446886,,,,,,,,,,,0.7505052075237059,,,,,,,,,,,0.7523235301861457,,,,,,,,,,,0.7486784433523709,,,,,,,,,,,0.7516730872897958,,,,,,,,,,,0.7509367248931342,,,,,,,,,,,0.7513863461487437,,,,,,,,,,,PRUNED
70,0.5270310764850281,2026-07-31 17:58:32.313896,2026-07-31 18:00:47.333280,0 days 00:02:15.019384,512,0.21371374692033002,718,0.001534125195260931,5,0.738965849422683,0.7500912470429199,,0.7519456028048553,0.7493036957686128,0.7546492744512546,0.7535318523186807,0.7528063365505665,0.7543875697502712,,,,0.7476728245969058,,,,,,,,,,,0.7495206325024296,,,,,,,,,,,0.7522287119581924,,,,,,,,,,,0.7518384513904309,,,,,,,,,,,0.7492844270115552,,,,,,,,,,,0.7516817474345108,,,,,,,,,,,0.7525979373357907,,,,,,,,,,,0.7528329731724029,,,,,,,,,,,PRUNED
71,0.5281485887846593,2026-07-31 18:00:47.336824,2026-07-31 18:02:13.999187,0 days 00:01:26.662363,512,0.22408776315662496,878,0.000448037405943125,3,0.7359517106972715,0.7529198708695309,,0.7487109249113761,0.7490759753593429,0.7531567802148963,,,,,,,0.7472032934016901,,,,,,,,,,,0.7472942163054588,,,,,,,,,,,0.7498873714425466,,,,,,,,,,,0.752213319322212,,,,,,,,,,,0.7503264218937693,,,,,,,,,,,0.7523870646635843,,,,,,,,,,,0.7530526370137078,,,,,,,,,,,0.752022520685618,,,,,,,,,,,PRUNED
72,0.5279729924639713,2026-07-31 18:02:14.002844,2026-07-31 18:04:02.845923,0 days 00:01:48.843079,512,0.18130941457142177,800,0.00039171509700525875,4,0.7377865591252334,0.7516945081923467,,0.7496073983597976,0.7489348103962505,0.7532522031053294,,,,,,,0.7470951601047161,,,,,,,,,,,0.7503594419905962,,,,,,,,,,,0.7507228418009088,,,,,,,,,,,0.7525283581699005,,,,,,,,,,,0.7496337358938824,,,,,,,,,,,0.7522051874409325,,,,,,,,,,,0.7525545825883827,,,,,,,,,,,0.7519132316461709,,,,,,,,,,,PRUNED
73,0.5279188051427758,2026-07-31 18:04:02.851509,2026-07-31 18:05:22.801478,0 days 00:01:19.949969,512,0.16661715863767165,668,0.0003118201823192981,4,0.7347923910820209,0.7514951316648241,,0.7501708588504885,0.7494870606923026,0.7523918867202449,,,,,,,0.7487230143360324,,,,,,,,,,,0.747824493908583,,,,,,,,,,,0.7489857812438457,,,,,,,,,,,0.7518444874679504,,,,,,,,,,,0.7492893988840931,,,,,,,,,,,0.7515893323485188,,,,,,,,,,,0.7523802091462463,,,,,,,,,,,0.7523095373018278,,,,,,,,,,,PRUNED
74,0.5280723324939306,2026-07-31 18:05:22.805143,2026-07-31 18:08:42.310012,0 days 00:03:19.504869,512,0.2595309962806488,744,0.0005209054868621694,9,0.7313660961403412,0.7500605017612735,,0.7515285529698552,0.7478382110442279,0.7549855342012812,,,,,,,0.7447651839692517,,,,,,,,,,,0.7460831695788411,,,,,,,,,,,0.7515752157431007,,,,,,,,,,,0.7520397116679428,,,,,,,,,,,0.7446516618899499,,,,,,,,,,,0.7472845176979195,,,,,,,,,,,0.7518473067181911,,,,,,,,,,,0.7483357316728755,,,,,,,,,,,PRUNED
75,0.5276282753574096,2026-07-31 18:08:42.315794,2026-07-31 18:11:20.766181,0 days 00:02:38.450387,512,0.23940881574212317,964,0.0008969439801472415,5,0.7382375312398131,0.7512240802675585,,0.7509716712745923,0.7493786579010663,0.7546130256250325,,,,,,,0.7478453326389793,,,,,,,,,,,0.7490641623432062,,,,,,,,,,,0.7511144994766699,,,,,,,,,,,0.7504115687023404,,,,,,,,,,,0.7487848251333729,,,,,,,,,,,0.7520601226184983,,,,,,,,,,,0.7519637899501322,,,,,,,,,,,0.7511175770400741,,,,,,,,,,,PRUNED
76,0.5287810391780141,2026-07-31 18:11:20.771607,2026-07-31 18:12:02.698163,0 days 00:00:41.926556,1024,0.20008138056686564,324,0.0006967968386542338,6,0.7322257147133663,0.7499630778319303,,0.7501963551165484,0.7491877668286658,0.753057842544125,,,,,,,0.7436640019218194,,,,,,,,,,,0.7430222401397568,,,,,,,,,,,0.7476053639846744,,,,,,,,,,,0.7509139621745041,,,,,,,,,,,0.7513161887922731,,,,,,,,,,,0.7524804245807135,,,,,,,,,,,0.7455798864557989,,,,,,,,,,,0.7495538686909042,,,,,,,,,,,PRUNED
77,0.5286995268997877,2026-07-31 18:12:02.702403,2026-07-31 18:13:14.884445,0 days 00:01:12.182042,256,0.27158048797567996,593,0.00025365305936912513,3,0.7325956473806704,0.7506657435023434,,0.7490775901537798,0.7497847197382193,0.7514816278150929,,,,,,,0.7441291069924179,,,,,,,,,,,0.7472217137776848,,,,,,,,,,,0.7495251229476204,,,,,,,,,,,0.750797170863569,,,,,,,,,,,0.749556557043188,,,,,,,,,,,0.7501023250901121,,,,,,,,,,,0.7518419815018028,,,,,,,,,,,0.7499767574674937,,,,,,,,,,,PRUNED
78,0.5270653651707132,2026-07-31 18:13:14.887392,2026-07-31 18:14:54.485967,0 days 00:01:39.598575,512,0.28555936781356017,698,0.000589808588523119,4,0.7354010406108521,0.7503375262334746,,0.747905745014322,0.7502699532081106,0.7545195925484078,0.7525030509008359,0.7533769233780979,0.7546918639555219,,,,0.7483596473241747,,,,,,,,,,,0.7481824539181148,,,,,,,,,,,0.7519390849841905,,,,,,,,,,,0.7509904389625482,,,,,,,,,,,0.7490682084579015,,,,,,,,,,,0.751966536002736,,,,,,,,,,,0.7519481887110362,,,,,,,,,,,0.751584817318568,,,,,,,,,,,PRUNED
79,0.5277881166183344,2026-07-31 18:14:54.490868,2026-07-31 18:15:41.993723,0 days 00:00:47.502855,512,0.19398838485417078,354,0.000344593151094851,5,0.7304517960235336,0.749352061987189,,0.7509353287012293,0.746879896266681,0.7533674799531253,,,,,,,0.7459977809478523,,,,,,,,,,,0.7458598132086282,,,,,,,,,,,0.749854766305783,,,,,,,,,,,0.7504129149128883,,,,,,,,,,,0.7497742123997237,,,,,,,,,,,0.7510428567632914,,,,,,,,,,,0.750639658848614,,,,,,,,,,,0.750403349467312,,,,,,,,,,,PRUNED
80,0.5276594963585737,2026-07-31 18:15:41.997928,2026-07-31 18:16:18.497952,0 days 00:00:36.500024,512,0.2104289952991265,468,0.0008325731657413263,3,0.734600574204346,0.7511384094037912,,0.7492737249838606,0.7508556778686684,0.7535452386886881,,,,,,,0.7483671012525294,,,,,,,,,,,0.7481143155422159,,,,,,,,,,,0.7512682532139784,,,,,,,,,,,0.7515980533999737,,,,,,,,,,,0.7500262660222736,,,,,,,,,,,0.7538060195460032,,,,,,,,,,,0.7527942570067374,,,,,,,,,,,0.7520184239087275,,,,,,,,,,,PRUNED
81,0.5271033967656779,2026-07-31 18:16:18.501158,2026-07-31 18:17:13.690835,0 days 00:00:55.189677,512,0.22365451959348948,447,0.0010686838740602727,4,0.7394375583100093,0.7501471453796351,,0.7511046441777576,0.7505928748434544,0.7542794181303042,0.7523156089193825,0.7538887148971709,0.75502165179736,,,,0.747939052091575,,,,,,,,,,,0.7498897106526534,,,,,,,,,,,0.752086338347414,,,,,,,,,,,0.7523446735846578,,,,,,,,,,,0.7491956731851341,,,,,,,,,,,0.7522815483058848,,,,,,,,,,,0.7527337414325328,,,,,,,,,,,0.7526315099558247,,,,,,,,,,,PRUNED
82,0.5276511067723444,2026-07-31 18:17:13.695115,2026-07-31 18:18:16.470654,0 days 00:01:02.775539,512,0.17584595817660387,547,0.0006675511954810794,4,0.7393091995125022,0.7514484742737649,,0.749956377595533,0.7488049138736814,0.7537276145896337,,,,,,,0.7484639114805088,,,,,,,,,,,0.7505755153772535,,,,,,,,,,,0.7513718118077432,,,,,,,,,,,0.7508589248903219,,,,,,,,,,,0.7502988741312944,,,,,,,,,,,0.7530764206401045,,,,,,,,,,,0.7518371517271191,,,,,,,,,,,0.7511516479455128,,,,,,,,,,,PRUNED
83,0.525378239053176,2026-07-31 18:18:16.474764,2026-07-31 18:19:33.599184,0 days 00:01:17.124420,512,0.1502533118681974,384,0.0013264579446729758,5,0.7411930106447078,0.750261906680635,,0.7504295532646048,0.7501302170283807,0.7555387286708357,0.7525775907417149,0.7523981285449175,0.7549420497460607,0.7540464004572498,0.7538379126981016,0.7502398209337028,0.7480329226628015,0.7556503198294243,,,,,,,,,,0.7488406023656923,,,,,,,,,,,0.7521092192053996,,,,,,,,,,,0.7530368580374427,,,,,,,,,,,0.7498983433241078,,,,,,,,,,,0.7527353447256774,,,,,,,,,,,0.7525716815542072,,,,,,,,,,,0.7517751204427515,,,,,,,,,,,PRUNED
84,0.5276972350850371,2026-07-31 18:19:33.602477,2026-07-31 18:20:31.461232,0 days 00:00:57.858755,512,0.16736159961699748,525,0.0004619569866430169,4,0.7351770091280913,0.7511306162862266,,0.7492271713125991,0.7488610097933117,0.7536517185715973,,,,,,,0.7479100680201465,,,,,,,,,,,0.7475324743416655,,,,,,,,,,,0.7507664328396986,,,,,,,,,,,0.7513196866978213,,,,,,,,,,,0.7499176363612403,,,,,,,,,,,0.7525413044049276,,,,,,,,,,,0.7521276179801639,,,,,,,,,,,0.7513090046262543,,,,,,,,,,,PRUNED
85,0.5282544632675412,2026-07-31 18:20:31.465617,2026-07-31 18:22:11.728377,0 days 00:01:40.262760,128,0.2419202733264957,423,0.0008040952922954734,3,0.7352269463780206,0.7493374588013721,,0.7492538918613718,0.7498038172507814,0.7519640554588113,,,,,,,0.7455950212103885,,,,,,,,,,,0.7498854247142165,,,,,,,,,,,0.7524195825738711,,,,,,,,,,,0.7537250088146571,,,,,,,,,,,0.7496362530091797,,,,,,,,,,,0.7529060634621426,,,,,,,,,,,0.7521173882690763,,,,,,,,,,,0.7499131364426033,,,,,,,,,,,PRUNED
86,0.5282534365960895,2026-07-31 18:22:11.732718,2026-07-31 18:23:03.790761,0 days 00:00:52.058043,512,0.2511062779960017,294,0.0017911827985959137,4,0.7367552579968891,0.7505232090152938,,0.7502968051757487,0.7495847010512047,0.7535091758205618,,,,,,,0.7496998952826093,,,,,,,,,,,0.748840885142255,,,,,,,,,,,0.7530430771596238,,,,,,,,,,,0.7531393847718648,,,,,,,,,,,0.7489273796281583,,,,,,,,,,,0.7518743400211193,,,,,,,,,,,0.7517961088677959,,,,,,,,,,,0.751945486603651,,,,,,,,,,,PRUNED
87,0.5278837644656155,2026-07-31 18:23:03.796512,2026-07-31 18:27:40.580832,0 days 00:04:36.784320,256,0.205307544710971,649,0.0009758258404975556,8,0.7386299906529576,0.7471577305624342,,0.7504816571663943,0.7505619739662293,0.7544967768766896,0.7537035836951591,0.7512392191258356,0.7519601610510701,,,,0.7474421533133953,,,,,,,,,,,0.7473084062582869,,,,,,,,,,,0.7524867165269069,,,,,,,,,,,0.7533328980870928,,,,,,,,,,,0.7476381104883907,,,,,,,,,,,0.7509581603321622,,,,,,,,,,,0.753101816732453,,,,,,,,,,,0.7468292283773832,,,,,,,,,,,PRUNED
88,0.5276651639267265,2026-07-31 18:27:40.585893,2026-07-31 18:28:31.059570,0 days 00:00:50.473677,512,0.2698725990619924,466,0.0005423608069989317,4,0.7313777146835201,0.7510306125162903,,0.7494549271890393,0.7505639574462405,0.7539012770201987,,,,,,,0.7482931032231955,,,,,,,,,,,0.7470320118719526,,,,,,,,,,,0.7500620760856781,,,,,,,,,,,0.7519698929789486,,,,,,,,,,,0.7496563028764806,,,,,,,,,,,0.7527584261555215,,,,,,,,,,,0.7511921903277368,,,,,,,,,,,0.750575594781274,,,,,,,,,,,PRUNED
89,0.5335389412333214,2026-07-31 18:28:31.063088,2026-07-31 18:29:10.046173,0 days 00:00:38.983085,512,0.1827965584148842,258,0.00018002886597049656,5,0.7205725474309634,0.7459628172072195,,0.7465564363705587,,,,,,,,,0.7375520354652105,,,,,,,,,,,0.7384981274432082,,,,,,,,,,,0.7427296694382478,,,,,,,,,,,0.7432976235793137,,,,,,,,,,,0.7464583501983324,,,,,,,,,,,0.7452714655055109,,,,,,,,,,,0.7448187760759958,,,,,,,,,,,0.7473373020694124,,,,,,,,,,,PRUNED
90,0.5288004640691327,2026-07-31 18:29:10.049106,2026-07-31 18:29:45.473412,0 days 00:00:35.424306,1024,0.22948995818328716,403,0.000301106286617898,4,0.7260022662278098,0.750006650881907,,0.7508741025435717,0.7486122125297383,0.7517913593256059,,,,,,,0.7438486962908557,,,,,,,,,,,0.7445280802904122,,,,,,,,,,,0.7455408148178018,,,,,,,,,,,0.7498437936214621,,,,,,,,,,,0.7506080152268161,,,,,,,,,,,0.7471458887366696,,,,,,,,,,,0.7486274404777846,,,,,,,,,,,0.7507412898443291,,,,,,,,,,,PRUNED
91,0.5278825812876381,2026-07-31 18:29:45.478224,2026-07-31 18:35:13.108484,0 days 00:05:27.630260,256,0.13680724393406143,650,0.0006040148713632306,10,0.7391925398878827,0.7508542484623527,,0.748890860692103,0.7522525434026656,0.7541647730961502,0.7526721935450232,0.7496457124522046,0.754571376252387,,,,0.7488401710179204,,,,,,,,,,,0.748470108269261,,,,,,,,,,,0.7520926908942426,,,,,,,,,,,0.7532853122660264,,,,,,,,,,,0.744709915894359,,,,,,,,,,,0.7462504075643952,,,,,,,,,,,0.7516329744662175,,,,,,,,,,,0.7456519964072834,,,,,,,,,,,PRUNED
92,0.5280230402991392,2026-07-31 18:35:13.112634,2026-07-31 18:37:05.824661,0 days 00:01:52.712027,256,0.1903830036673597,753,0.000459141527275905,3,0.7360759665877615,0.7501104994575482,,0.7497292310160857,0.7503603343903142,0.7527393120845048,0.7549233573831103,0.7518643535599341,0.7542457155402875,,,,0.7443549242022687,,,,,,,,,,,0.7500323122657361,,,,,,,,,,,0.7505480277411002,,,,,,,,,,,0.753760703540847,,,,,,,,,,,0.7490642565567249,,,,,,,,,,,0.7539603896688843,,,,,,,,,,,0.752696546084654,,,,,,,,,,,0.751459936173312,,,,,,,,,,,PRUNED
93,0.52780283580176,2026-07-31 18:37:05.828287,2026-07-31 18:41:27.657024,0 days 00:04:21.828737,256,0.21281303017254727,728,0.000500366357621267,7,0.7306878895814782,0.7490838542789394,,0.7500634560149623,0.7514098420715192,0.753660072414336,0.7538865125415143,0.7514303877940242,0.7508784164364456,,,,0.7471424442283943,,,,,,,,,,,0.7450346295847144,,,,,,,,,,,0.7511941502644418,,,,,,,,,,,0.7527879103699844,,,,,,,,,,,0.7486615425390936,,,,,,,,,,,0.7470219138353955,,,,,,,,,,,0.7529384231329311,,,,,,,,,,,0.7499832059222635,,,,,,,,,,,PRUNED
94,0.5284334198107217,2026-07-31 18:41:27.660433,2026-07-31 18:45:02.527101,0 days 00:03:34.866668,256,0.2581320873412678,491,0.00037639555209577374,9,0.7236378001636615,0.7527956535499525,,0.7485095510402725,0.7511734626983086,0.7537213865271419,0.75172102171544,0.7509566198090788,0.753882538431218,,,,0.7400915666567334,,,,,,,,,,,0.7432563398481667,,,,,,,,,,,0.7499447671774079,,,,,,,,,,,0.7495602259050088,,,,,,,,,,,0.745936537689115,,,,,,,,,,,0.7494097717784209,,,,,,,,,,,0.7508696110466955,,,,,,,,,,,0.7466239600439734,,,,,,,,,,,PRUNED
95,0.5273855105790842,2026-07-31 18:45:02.532909,2026-07-31 18:46:49.832468,0 days 00:01:47.299559,256,0.17978141210134269,370,0.0011682533557800165,5,0.7376560764876358,0.7496866534589415,,0.7503843634273185,0.7497815553260784,0.7530322648838623,0.7543827753681531,0.7513059277765161,0.7535032099025825,,,,0.7455476552104195,,,,,,,,,,,0.7484392117524385,,,,,,,,,,,0.7520635813038256,,,,,,,,,,,0.7538819371353578,,,,,,,,,,,0.7496381286270135,,,,,,,,,,,0.7489644633306076,,,,,,,,,,,0.7524983606557377,,,,,,,,,,,0.7500571013986483,,,,,,,,,,,PRUNED
96,0.5335157864446006,2026-07-31 18:46:49.839132,2026-07-31 18:49:46.525401,0 days 00:02:56.686269,512,0.24346369049091582,688,0.0001213322282513021,10,0.7115557197909518,0.7436523839587165,,0.7470574690848018,,,,,,,,,0.7318966562891683,,,,,,,,,,,0.7297410659359096,,,,,,,,,,,0.7396270650455264,,,,,,,,,,,0.7416642821131232,,,,,,,,,,,0.7388905024687772,,,,,,,,,,,0.7390090718771808,,,,,,,,,,,0.7464005856674168,,,,,,,,,,,0.7439774684859588,,,,,,,,,,,PRUNED
97,0.5250691922900634,2026-07-31 18:49:46.529189,2026-07-31 19:00:54.256962,0 days 00:11:07.727773,512,0.2179998531371498,587,0.0007130427619600593,5,0.738488807723812,0.7477475032566218,0.7496934295019713,0.7498259891845586,0.7500433050407067,0.7546087024881097,0.7528390025659583,0.7526110432349348,0.7546330809170688,0.7547032343680883,0.7539967842716898,0.7490418106752377,0.7483185016556292,0.756248781438877,0.7545101741136984,0.7539174400337949,0.7528673788089552,0.7528698979591837,0.7552926118925414,0.7527254904558159,0.7542547738891591,0.7523057880937487,0.7557435579012729,0.7490503261638417,0.7542003570303476,0.75455525464728,0.7525922798870742,0.7557125969420232,0.7537249641640694,0.7521039735804836,0.7545054800813809,0.7536189694868606,0.7539444275455279,0.7540586126923888,0.7509109233273897,0.7541251300420085,0.7542219304005253,0.7549637504769674,0.7541955885633308,0.752780720338983,0.7535256620884537,0.7523905921210345,0.7546981365153625,0.7508227108490376,0.7524392830628911,0.7523055963110459,0.7524665701727595,0.7535651149086623,0.7544823787101766,0.7535533095783715,0.7531777550505386,0.7531110202034864,0.7536884221055263,0.7534196030888438,0.753102211438292,0.7525240543034137,0.748845810992403,0.7537997903563941,0.7508741142530477,0.752191909440749,0.7519985151993213,0.7537052895066201,0.7511717085641244,0.7524026136229178,0.7518383562004236,0.7509931839017844,0.7526844931045373,0.7509000604420151,0.754267411429241,0.7538978985242739,0.7514290250873293,0.7527510540812198,0.7521288777162111,0.7518633745945588,0.7516428883100398,0.7526302015179273,0.7517859977774249,0.7503433928547615,0.7521529588370072,0.7521707812193046,0.7512774369819648,0.7513441928221427,0.7501227946740299,0.7529088410444342,0.7516645529486367,0.7528722803608241,0.7528070794609362,0.7522338291609139,0.7516295384937567,0.7510445219150012,0.7514254328608045,0.7500698129014242,0.7516729209856456,0.75029432384883,0.7497486373498439,0.7497917685788701,0.7492822203317737,0.7497248047108128,0.7509941999497945,0.7509645922465157,COMPLETE
98,0.5247753884841055,2026-07-31 19:00:54.267492,2026-07-31 19:12:39.453505,0 days 00:11:45.186013,512,0.21699020101562416,598,0.0006863791116136079,5,0.7375603441301006,0.7506293856125127,0.7486228351761582,0.7500905226172435,0.7488201082960091,0.7547754931853126,0.7534130027879946,0.7519743076761083,0.7544903940084663,0.7547194358794218,0.7529628411706676,0.750110027873728,0.7482961765045628,0.7552746465107187,0.7533145312211709,0.7547412830049811,0.7532412830874127,0.7526613395630359,0.7549387542350795,0.7518158513138218,0.753989484364911,0.7533684517034174,0.7562411833982581,0.7484334684850719,0.7541661182045545,0.7550871334655118,0.7531838920849038,0.7553062226933119,0.7526535778800385,0.7526142537974433,0.7553701936276753,0.7545294380604276,0.753368575857546,0.7539434660507598,0.7502526757716329,0.7535717104743863,0.7543640733978695,0.7545873063756673,0.7549580447958529,0.7529184679860919,0.7538198553583169,0.752117717240008,0.7554781333088842,0.7502971045808124,0.7523526694383951,0.7534929879083858,0.7529150765248854,0.7537460903249447,0.7548683155168107,0.7541390509888833,0.7530040408336878,0.7537892255626226,0.7546337388398684,0.7555281911548941,0.7530745148805199,0.7523064130822126,0.7493903162446117,0.7532827622286162,0.7507689849398793,0.753190369688199,0.7520021179429479,0.7538473659330848,0.7513678297101931,0.7534207077326344,0.7522288212597285,0.751661262027537,0.750492405715872,0.7514860750484375,0.7533568904593639,0.7524328278276317,0.7512576858580212,0.7526884523638828,0.7528934651796647,0.7511829443351588,0.7508060679739944,0.7521743686471759,0.7519845979376005,0.7503496410352039,0.7520138542677967,0.7516534956805302,0.750861502038669,0.7505773672055427,0.7508651433099987,0.752498698594482,0.7509907442760655,0.7508613207795282,0.7536449371919429,0.7521820448877805,0.7509643897446663,0.7518602905345784,0.7513763027473749,0.7498091251349288,0.7507654301520348,0.7494775823303795,0.7499337186489209,0.7499339148823685,0.7505003159890458,0.7494060503669289,0.7509878320031401,0.7504492600422833,COMPLETE
99,0.5282380320132197,2026-07-31 19:12:39.460604,2026-07-31 19:14:25.361471,0 days 00:01:45.900867,512,0.22203111006988258,584,0.0007206232560236966,6,0.7361058189537859,0.7502485957698406,,0.7499292900723261,0.7480762527817251,0.754577989080745,,,,,,,0.747507270461155,,,,,,,,,,,0.7470896625890576,,,,,,,,,,,0.7519125962694778,,,,,,,,,,,0.7529820619014645,,,,,,,,,,,0.7490929241486681,,,,,,,,,,,0.7524533953415048,,,,,,,,,,,0.7507615692299542,,,,,,,,,,,0.7514000422654269,,,,,,,,,,,PRUNED
